country,study_type,phase,study_count,mean_sites,median_sites,p90_sites,absolute_max_sites
Afghanistan,EXPANDED_ACCESS,NA,2,1.5,1.5,1.9,2
Afghanistan,INTERVENTIONAL,NA,13,1.23,1,1.8,3
Afghanistan,INTERVENTIONAL,PHASE2,1,1,1,1,1
Afghanistan,INTERVENTIONAL,PHASE2/PHASE3,1,1,1,1,1
Afghanistan,INTERVENTIONAL,PHASE3,2,3,3,3.8,4
Afghanistan,INTERVENTIONAL,PHASE4,5,2,2,3,3
Afghanistan,OBSERVATIONAL,NA,9,1.78,1,4,4
Aland Islands,INTERVENTIONAL,NA,1,1,1,1,1
Albania,EXPANDED_ACCESS,NA,1,1,1,1,1
Albania,INTERVENTIONAL,NA,13,1.15,1,1.8,2
Albania,INTERVENTIONAL,PHASE1,1,1,1,1,1
Albania,INTERVENTIONAL,PHASE1/PHASE2,3,1,1,1,1
Albania,INTERVENTIONAL,PHASE2,2,2,2,2.8,3
Albania,INTERVENTIONAL,PHASE3,14,1.86,1,2,10
Albania,INTERVENTIONAL,PHASE4,4,1,1,1,1
Albania,OBSERVATIONAL,NA,29,1.69,1,2.2,14
Algeria,INTERVENTIONAL,NA,6,2.17,1,4.5,8
Algeria,INTERVENTIONAL,PHASE1/PHASE2,1,1,1,1,1
Algeria,INTERVENTIONAL,PHASE2,6,1.67,1.5,2.5,3
Algeria,INTERVENTIONAL,PHASE2/PHASE3,1,1,1,1,1
Algeria,INTERVENTIONAL,PHASE3,37,2.78,3,4,6
Algeria,INTERVENTIONAL,PHASE4,11,3.64,2,6,14
Algeria,OBSERVATIONAL,NA,54,3.83,1,6.7,37
American Samoa,INTERVENTIONAL,EARLY_PHASE1,1,3,3,3,3
American Samoa,INTERVENTIONAL,NA,3,1.33,1,1.8,2
American Samoa,INTERVENTIONAL,PHASE1,1,2,2,2,2
American Samoa,INTERVENTIONAL,PHASE2,1,1,1,1,1
American Samoa,INTERVENTIONAL,PHASE3,1,1,1,1,1
American Samoa,OBSERVATIONAL,NA,2,1.5,1.5,1.9,2
Andorra,INTERVENTIONAL,NA,5,1,1,1,1
Andorra,INTERVENTIONAL,PHASE3,3,1,1,1,1
Andorra,INTERVENTIONAL,PHASE4,1,1,1,1,1
Andorra,OBSERVATIONAL,NA,1,1,1,1,1
Angola,INTERVENTIONAL,NA,3,1.33,1,1.8,2
Angola,INTERVENTIONAL,PHASE1/PHASE2,2,1,1,1,1
Angola,INTERVENTIONAL,PHASE2,2,1,1,1,1
Angola,INTERVENTIONAL,PHASE3,1,1,1,1,1
Angola,INTERVENTIONAL,PHASE4,2,1,1,1,1
Angola,OBSERVATIONAL,NA,1,1,1,1,1
Antarctica,INTERVENTIONAL,NA,2,1,1,1,1
Antigua and Barbuda,INTERVENTIONAL,PHASE1,31,1,1,1,1
Antigua and Barbuda,OBSERVATIONAL,NA,1,1,1,1,1
Argentina,EXPANDED_ACCESS,NA,9,3.67,3,7.4,9
Argentina,INTERVENTIONAL,EARLY_PHASE1,3,1,1,1,1
Argentina,INTERVENTIONAL,NA,271,1.9,1,4,27
Argentina,INTERVENTIONAL,NA,1,1,1,1,1
Argentina,INTERVENTIONAL,PHASE1,68,1.96,1,4,8
Argentina,INTERVENTIONAL,PHASE1/PHASE2,64,2.86,2,6,11
Argentina,INTERVENTIONAL,PHASE2,768,4.79,4,10,32
Argentina,INTERVENTIONAL,PHASE2/PHASE3,130,4.46,3,10,23
Argentina,INTERVENTIONAL,PHASE3,2446,6.75,5,13,71
Argentina,INTERVENTIONAL,PHASE4,252,4.81,3,9.9,55
Argentina,OBSERVATIONAL,NA,581,2.83,1,6,154
Armenia,INTERVENTIONAL,EARLY_PHASE1,2,1,1,1,1
Armenia,INTERVENTIONAL,NA,36,1.25,1,2,4
Armenia,INTERVENTIONAL,PHASE1,9,2.11,1,4,4
Armenia,INTERVENTIONAL,PHASE1/PHASE2,4,1.25,1,1.7,2
Armenia,INTERVENTIONAL,PHASE2,16,1.38,1,2.5,4
Armenia,INTERVENTIONAL,PHASE3,21,2.05,1,4,6
Armenia,INTERVENTIONAL,PHASE4,12,1.33,1,1.9,4
Armenia,OBSERVATIONAL,NA,27,2,1,4.2,13
Aruba,OBSERVATIONAL,NA,1,1,1,1,1
Australia,EXPANDED_ACCESS,NA,32,6.16,3,19.5,25
Australia,INTERVENTIONAL,EARLY_PHASE1,52,1.56,1,3,5
Australia,INTERVENTIONAL,NA,1340,2.55,1,5,33
Australia,INTERVENTIONAL,PHASE1,1782,2.17,1,4,15
Australia,INTERVENTIONAL,PHASE1/PHASE2,750,2.96,2,6,15
Australia,INTERVENTIONAL,PHASE2,2285,4,3,8,26
Australia,INTERVENTIONAL,PHASE2/PHASE3,298,4.12,3,8,40
Australia,INTERVENTIONAL,PHASE3,3905,5.98,5,12,59
Australia,INTERVENTIONAL,PHASE4,489,4.39,2,10,51
Australia,OBSERVATIONAL,NA,988,2.9,1,7,56
Austria,EXPANDED_ACCESS,NA,20,3.75,3.5,6.1,9
Austria,INTERVENTIONAL,EARLY_PHASE1,13,1,1,1,1
Austria,INTERVENTIONAL,NA,1477,1.38,1,2,54
Austria,INTERVENTIONAL,PHASE1,242,1.38,1,2,7
Austria,INTERVENTIONAL,PHASE1/PHASE2,137,1.96,1,3,12
Austria,INTERVENTIONAL,PHASE2,1026,2.22,1,4,19
Austria,INTERVENTIONAL,PHASE2/PHASE3,147,2.14,1,4,10
Austria,INTERVENTIONAL,PHASE3,2339,3.23,2,6,62
Austria,INTERVENTIONAL,PHASE4,483,2.05,1,4,21
Austria,OBSERVATIONAL,NA,1654,2.19,1,3,127
Azerbaijan,INTERVENTIONAL,NA,8,1.63,1.5,2.3,3
Azerbaijan,INTERVENTIONAL,PHASE1,1,1,1,1,1
Azerbaijan,INTERVENTIONAL,PHASE1/PHASE2,2,1,1,1,1
Azerbaijan,INTERVENTIONAL,PHASE2,2,1,1,1,1
Azerbaijan,INTERVENTIONAL,PHASE3,1,1,1,1,1
Azerbaijan,INTERVENTIONAL,PHASE4,2,1,1,1,1
Azerbaijan,OBSERVATIONAL,NA,8,1.38,1,1.9,4
Bahrain,INTERVENTIONAL,EARLY_PHASE1,1,1,1,1,1
Bahrain,INTERVENTIONAL,NA,18,1.06,1,1,2
Bahrain,INTERVENTIONAL,PHASE2,3,1.33,1,1.8,2
Bahrain,INTERVENTIONAL,PHASE2/PHASE3,2,1,1,1,1
Bahrain,INTERVENTIONAL,PHASE3,2,1,1,1,1
Bahrain,INTERVENTIONAL,PHASE4,7,1.14,1,1.4,2
Bahrain,OBSERVATIONAL,NA,32,1.19,1,1.9,4
Bangladesh,INTERVENTIONAL,EARLY_PHASE1,7,1.14,1,1.4,2
Bangladesh,INTERVENTIONAL,NA,294,1.32,1,1,41
Bangladesh,INTERVENTIONAL,PHASE1,27,1.04,1,1,2
Bangladesh,INTERVENTIONAL,PHASE1/PHASE2,22,1.23,1,1.9,4
Bangladesh,INTERVENTIONAL,PHASE2,91,1.09,1,1,3
Bangladesh,INTERVENTIONAL,PHASE2/PHASE3,31,1.32,1,2,6
Bangladesh,INTERVENTIONAL,PHASE3,95,1.32,1,2,7
Bangladesh,INTERVENTIONAL,PHASE4,76,1.24,1,2,8
Bangladesh,OBSERVATIONAL,NA,107,1.37,1,2,8
Barbados,INTERVENTIONAL,EARLY_PHASE1,1,1,1,1,1
Barbados,INTERVENTIONAL,NA,8,1.38,1,1.9,4
Barbados,INTERVENTIONAL,PHASE3,1,1,1,1,1
Barbados,INTERVENTIONAL,PHASE4,1,1,1,1,1
Barbados,OBSERVATIONAL,NA,5,1,1,1,1
Belarus,EXPANDED_ACCESS,NA,1,1,1,1,1
Belarus,INTERVENTIONAL,EARLY_PHASE1,2,1,1,1,1
Belarus,INTERVENTIONAL,NA,22,1.27,1,2.8,3
Belarus,INTERVENTIONAL,PHASE1,8,1.38,1,2.3,3
Belarus,INTERVENTIONAL,PHASE1/PHASE2,30,1.4,1,2,7
Belarus,INTERVENTIONAL,PHASE2,37,2.89,3,5,8
Belarus,INTERVENTIONAL,PHASE2/PHASE3,16,1.94,1,5,6
Belarus,INTERVENTIONAL,PHASE3,192,3.29,3,6,13
Belarus,INTERVENTIONAL,PHASE4,10,1.5,1,2.1,3
Belarus,OBSERVATIONAL,NA,45,1.38,1,2,8
Belgium,EXPANDED_ACCESS,NA,25,4.92,3,11,14
Belgium,INTERVENTIONAL,EARLY_PHASE1,33,1.15,1,2,2
Belgium,INTERVENTIONAL,NA,3461,1.66,1,3,110
Belgium,INTERVENTIONAL,PHASE1,1163,1.46,1,3,8
Belgium,INTERVENTIONAL,PHASE1/PHASE2,432,2.44,2,5,33
Belgium,INTERVENTIONAL,PHASE2,2212,2.92,2,6,28
Belgium,INTERVENTIONAL,PHASE2/PHASE3,253,2.99,2,6,15
Belgium,INTERVENTIONAL,PHASE3,3761,4.23,3,8,205
Belgium,INTERVENTIONAL,PHASE4,767,3.15,1,7,125
Belgium,OBSERVATIONAL,NA,2649,3.07,1,5,936
Belize,INTERVENTIONAL,NA,1,1,1,1,1
Belize,INTERVENTIONAL,PHASE1,2,1.5,1.5,1.9,2
Belize,INTERVENTIONAL,PHASE3,17,1.41,1,2,2
Belize,OBSERVATIONAL,NA,1,1,1,1,1
Benin,INTERVENTIONAL,EARLY_PHASE1,2,1,1,1,1
Benin,INTERVENTIONAL,NA,17,1.18,1,2,2
Benin,INTERVENTIONAL,PHASE1,1,1,1,1,1
Benin,INTERVENTIONAL,PHASE2,7,1.29,1,1.8,3
Benin,INTERVENTIONAL,PHASE2/PHASE3,4,1.25,1,1.7,2
Benin,INTERVENTIONAL,PHASE3,10,1.6,1,2.3,5
Benin,INTERVENTIONAL,PHASE4,3,1.33,1,1.8,2
Benin,OBSERVATIONAL,NA,15,2.87,1,3.2,25
Bermuda,INTERVENTIONAL,NA,1,1,1,1,1
Bermuda,INTERVENTIONAL,PHASE3,1,1,1,1,1
Bhutan,INTERVENTIONAL,NA,6,1,1,1,1
Bhutan,OBSERVATIONAL,NA,2,2,2,2.8,3
Bolivia,INTERVENTIONAL,NA,12,1,1,1,1
Bolivia,INTERVENTIONAL,PHASE1/PHASE2,3,1,1,1,1
Bolivia,INTERVENTIONAL,PHASE2,14,1.5,1,2.7,3
Bolivia,INTERVENTIONAL,PHASE2/PHASE3,3,1.33,1,1.8,2
Bolivia,INTERVENTIONAL,PHASE3,8,1.88,1.5,3.3,4
Bolivia,INTERVENTIONAL,PHASE4,6,1,1,1,1
Bolivia,OBSERVATIONAL,NA,28,1.5,1,2.3,5
"Bonaire, Saint Eustatius and Saba ",INTERVENTIONAL,NA,1,1,1,1,1
Bosnia and Herzegovina,EXPANDED_ACCESS,NA,2,1,1,1,1
Bosnia and Herzegovina,INTERVENTIONAL,EARLY_PHASE1,1,1,1,1,1
Bosnia and Herzegovina,INTERVENTIONAL,NA,28,1.29,1,2,3
Bosnia and Herzegovina,INTERVENTIONAL,PHASE1,17,2,2,4,4
Bosnia and Herzegovina,INTERVENTIONAL,PHASE1/PHASE2,5,2.2,2,3,3
Bosnia and Herzegovina,INTERVENTIONAL,PHASE2,36,1.92,2,3,4
Bosnia and Herzegovina,INTERVENTIONAL,PHASE2/PHASE3,8,3,3,5,5
Bosnia and Herzegovina,INTERVENTIONAL,PHASE3,152,2.88,2,5,23
Bosnia and Herzegovina,INTERVENTIONAL,PHASE4,15,1.93,2,4,4
Bosnia and Herzegovina,OBSERVATIONAL,NA,44,2.14,1,2,23
Botswana,INTERVENTIONAL,NA,36,1.64,1,2.5,13
Botswana,INTERVENTIONAL,PHASE1,5,1.4,1,2.2,3
Botswana,INTERVENTIONAL,PHASE1/PHASE2,9,1.89,2,2,2
Botswana,INTERVENTIONAL,PHASE2,13,1.46,1,2.8,4
Botswana,INTERVENTIONAL,PHASE2/PHASE3,5,1,1,1,1
Botswana,INTERVENTIONAL,PHASE3,22,1.41,1,2,4
Botswana,INTERVENTIONAL,PHASE4,15,2.33,1,2.6,15
Botswana,OBSERVATIONAL,NA,20,1.2,1,2,2
Brazil,EXPANDED_ACCESS,NA,31,7.13,6,11,35
Brazil,INTERVENTIONAL,EARLY_PHASE1,41,1.02,1,1,2
Brazil,INTERVENTIONAL,NA,3894,1.3,1,1,79
Brazil,INTERVENTIONAL,PHASE1,266,1.71,1,4,12
Brazil,INTERVENTIONAL,PHASE1/PHASE2,252,2.46,1,6,12
Brazil,INTERVENTIONAL,PHASE2,1105,3.44,2,8,29
Brazil,INTERVENTIONAL,PHASE2/PHASE3,277,3.58,1,10,30
Brazil,INTERVENTIONAL,PHASE3,3076,6.6,5,14,84
Brazil,INTERVENTIONAL,PHASE4,897,2.67,1,6,69
Brazil,OBSERVATIONAL,NA,1315,2.42,1,5,41
Brunei,INTERVENTIONAL,NA,5,1,1,1,1
Brunei,INTERVENTIONAL,PHASE3,1,1,1,1,1
Brunei,OBSERVATIONAL,NA,4,1,1,1,1
Bulgaria,EXPANDED_ACCESS,NA,7,2,1,3.6,6
Bulgaria,INTERVENTIONAL,EARLY_PHASE1,1,1,1,1,1
Bulgaria,INTERVENTIONAL,NA,124,2.32,1,5,26
Bulgaria,INTERVENTIONAL,PHASE1,138,1.67,1,3,11
Bulgaria,INTERVENTIONAL,PHASE1/PHASE2,44,2.36,2,4.7,5
Bulgaria,INTERVENTIONAL,PHASE2,696,4.72,4,9,29
Bulgaria,INTERVENTIONAL,PHASE2/PHASE3,70,5.51,4.5,13,24
Bulgaria,INTERVENTIONAL,PHASE3,1695,5.94,5,12,39
Bulgaria,INTERVENTIONAL,PHASE4,111,4.73,4,10,19
Bulgaria,OBSERVATIONAL,NA,145,3.94,2,11,35
Burkina Faso,INTERVENTIONAL,NA,72,1.13,1,1,4
Burkina Faso,INTERVENTIONAL,PHASE1,9,1,1,1,1
Burkina Faso,INTERVENTIONAL,PHASE1/PHASE2,7,1,1,1,1
Burkina Faso,INTERVENTIONAL,PHASE2,30,1.5,1,2.1,4
Burkina Faso,INTERVENTIONAL,PHASE2/PHASE3,12,1.5,1.5,2,2
Burkina Faso,INTERVENTIONAL,PHASE3,37,1.32,1,2,5
Burkina Faso,INTERVENTIONAL,PHASE4,30,1.4,1,3,4
Burkina Faso,OBSERVATIONAL,NA,43,1.21,1,2,2
Burma,INTERVENTIONAL,NA,16,1.31,1,2,2
Burma,INTERVENTIONAL,PHASE1/PHASE2,1,1,1,1,1
Burma,INTERVENTIONAL,PHASE2,1,1,1,1,1
Burma,INTERVENTIONAL,PHASE2/PHASE3,1,4,4,4,4
Burma,INTERVENTIONAL,PHASE3,5,1,1,1,1
Burma,INTERVENTIONAL,PHASE4,6,2.33,1.5,4.5,5
Burma,OBSERVATIONAL,NA,19,1.21,1,2,3
Burundi,INTERVENTIONAL,NA,10,1,1,1,1
Burundi,INTERVENTIONAL,PHASE2,2,1,1,1,1
Burundi,INTERVENTIONAL,PHASE2/PHASE3,1,5,5,5,5
Burundi,OBSERVATIONAL,NA,2,1,1,1,1
Côte d’Ivoire,INTERVENTIONAL,NA,32,1.5,1,2,10
Côte d’Ivoire,INTERVENTIONAL,PHASE1,1,1,1,1,1
Côte d’Ivoire,INTERVENTIONAL,PHASE2,13,1.38,1,2,2
Côte d’Ivoire,INTERVENTIONAL,PHASE2/PHASE3,7,2,2,3.2,5
Côte d’Ivoire,INTERVENTIONAL,PHASE3,18,2.22,1,3.6,9
Côte d’Ivoire,INTERVENTIONAL,PHASE4,4,1,1,1,1
Côte d’Ivoire,OBSERVATIONAL,NA,30,1.53,1,3,5
Cabo Verde,OBSERVATIONAL,NA,1,1,1,1,1
Cambodia,INTERVENTIONAL,EARLY_PHASE1,1,1,1,1,1
Cambodia,INTERVENTIONAL,NA,53,1.49,1,3,10
Cambodia,INTERVENTIONAL,PHASE1,4,1,1,1,1
Cambodia,INTERVENTIONAL,PHASE2,6,1.33,1,2,3
Cambodia,INTERVENTIONAL,PHASE2/PHASE3,3,2,1,3.4,4
Cambodia,INTERVENTIONAL,PHASE3,10,1.9,1.5,3.2,5
Cambodia,INTERVENTIONAL,PHASE4,13,1.54,1,3,4
Cambodia,OBSERVATIONAL,NA,48,1.6,1,2.3,13
Cameroon,INTERVENTIONAL,NA,52,2.56,1,5.9,22
Cameroon,INTERVENTIONAL,PHASE1/PHASE2,4,1,1,1,1
Cameroon,INTERVENTIONAL,PHASE2,9,1.22,1,2,2
Cameroon,INTERVENTIONAL,PHASE2/PHASE3,3,1,1,1,1
Cameroon,INTERVENTIONAL,PHASE3,19,1.84,1,3.2,9
Cameroon,INTERVENTIONAL,PHASE4,24,1.08,1,1,2
Cameroon,OBSERVATIONAL,NA,48,1.69,1,3,13
Canada,EXPANDED_ACCESS,NA,45,6.64,4,16.6,26
Canada,INTERVENTIONAL,EARLY_PHASE1,149,1.43,1,2,12
Canada,INTERVENTIONAL,NA,10114,1.64,1,3,101
Canada,INTERVENTIONAL,NA,1,1,1,1,1
Canada,INTERVENTIONAL,PHASE1,1935,1.62,1,3,20
Canada,INTERVENTIONAL,PHASE1/PHASE2,935,2.31,1,5,20
Canada,INTERVENTIONAL,PHASE2,5052,3.63,2,8,63
Canada,INTERVENTIONAL,PHASE2/PHASE3,602,3.35,2,8,30
Canada,INTERVENTIONAL,PHASE3,6687,6.43,4,14,96
Canada,INTERVENTIONAL,PHASE4,1683,3.55,1,8,186
Canada,OBSERVATIONAL,NA,4414,2.57,1,5,568
Cayman Islands,INTERVENTIONAL,NA,1,1,1,1,1
Cayman Islands,INTERVENTIONAL,PHASE1,1,1,1,1,1
Central African Republic,INTERVENTIONAL,PHASE2,1,1,1,1,1
Central African Republic,INTERVENTIONAL,PHASE2/PHASE3,1,1,1,1,1
Central African Republic,INTERVENTIONAL,PHASE3,2,2.5,2.5,3.7,4
Central African Republic,INTERVENTIONAL,PHASE4,1,1,1,1,1
Central African Republic,OBSERVATIONAL,NA,6,1.17,1,1.5,2
Chad,INTERVENTIONAL,NA,6,1,1,1,1
Chad,INTERVENTIONAL,PHASE4,4,1,1,1,1
Chad,OBSERVATIONAL,NA,2,1,1,1,1
Chile,EXPANDED_ACCESS,NA,6,1.67,1,3,5
Chile,INTERVENTIONAL,EARLY_PHASE1,6,1.33,1,2,3
Chile,INTERVENTIONAL,NA,548,1.32,1,2,14
Chile,INTERVENTIONAL,PHASE1,52,1.63,1,3,4
Chile,INTERVENTIONAL,PHASE1/PHASE2,62,2.97,3,5,7
Chile,INTERVENTIONAL,PHASE2,389,3.18,3,6,12
Chile,INTERVENTIONAL,PHASE2/PHASE3,55,3.49,3,7,13
Chile,INTERVENTIONAL,PHASE3,1188,3.83,3,7,30
Chile,INTERVENTIONAL,PHASE4,133,2,1,3.8,9
Chile,OBSERVATIONAL,NA,274,1.63,1,2,22
China,EXPANDED_ACCESS,NA,13,2.08,1,3.8,10
China,INTERVENTIONAL,EARLY_PHASE1,1037,1.16,1,1,17
China,INTERVENTIONAL,NA,12880,1.76,1,2,114
China,INTERVENTIONAL,NA,1,1,1,1,1
China,INTERVENTIONAL,PHASE1,4809,1.73,1,3,42
China,INTERVENTIONAL,PHASE1/PHASE2,2411,2.93,1,6,87
China,INTERVENTIONAL,PHASE2,7367,2.89,1,7,82
China,INTERVENTIONAL,PHASE2/PHASE3,817,4.56,1,13,155
China,INTERVENTIONAL,PHASE3,5258,10.6,2,30,244
China,INTERVENTIONAL,PHASE4,3132,3.53,1,8,176
China,OBSERVATIONAL,NA,11357,2.22,1,2,555
Christmas Island,INTERVENTIONAL,PHASE1,1,1,1,1,1
Colombia,EXPANDED_ACCESS,NA,9,2.67,2,5.2,6
Colombia,INTERVENTIONAL,EARLY_PHASE1,1,1,1,1,1
Colombia,INTERVENTIONAL,NA,391,1.44,1,2,21
Colombia,INTERVENTIONAL,PHASE1,28,1.68,1,3,4
Colombia,INTERVENTIONAL,PHASE1/PHASE2,31,2.03,1,5,6
Colombia,INTERVENTIONAL,PHASE2,237,3.38,3,6,15
Colombia,INTERVENTIONAL,PHASE2/PHASE3,69,3.22,3,6,10
Colombia,INTERVENTIONAL,PHASE3,965,3.86,3,8,23
Colombia,INTERVENTIONAL,PHASE4,127,2.48,1,5.4,15
Colombia,OBSERVATIONAL,NA,328,2.38,1,5,24
Comoros,INTERVENTIONAL,PHASE2,1,1,1,1,1
Comoros,INTERVENTIONAL,PHASE3,2,1.5,1.5,1.9,2
Comoros,OBSERVATIONAL,NA,1,1,1,1,1
Costa Rica,INTERVENTIONAL,NA,23,1.09,1,1,2
Costa Rica,INTERVENTIONAL,PHASE1/PHASE2,1,2,2,2,2
Costa Rica,INTERVENTIONAL,PHASE2,28,1.68,1,2.3,5
Costa Rica,INTERVENTIONAL,PHASE2/PHASE3,6,2.33,2,4,4
Costa Rica,INTERVENTIONAL,PHASE3,128,1.77,1,4,7
Costa Rica,INTERVENTIONAL,PHASE4,15,2.6,1,3.6,16
Costa Rica,OBSERVATIONAL,NA,53,1.28,1,2,5
Croatia,EXPANDED_ACCESS,NA,4,1.5,1.5,2,2
Croatia,INTERVENTIONAL,EARLY_PHASE1,3,1.33,1,1.8,2
Croatia,INTERVENTIONAL,NA,279,1.25,1,2,15
Croatia,INTERVENTIONAL,PHASE1,22,1.41,1,2.9,3
Croatia,INTERVENTIONAL,PHASE1/PHASE2,16,1.5,1,2.5,4
Croatia,INTERVENTIONAL,PHASE2,181,2.39,2,4,10
Croatia,INTERVENTIONAL,PHASE2/PHASE3,29,2.55,2,5.2,9
Croatia,INTERVENTIONAL,PHASE3,717,3.09,3,6,25
Croatia,INTERVENTIONAL,PHASE4,97,2.03,1,4,13
Croatia,OBSERVATIONAL,NA,293,2.08,1,3,32
Cuba,INTERVENTIONAL,NA,4,1,1,1,1
Cuba,INTERVENTIONAL,PHASE1,2,1,1,1,1
Cuba,INTERVENTIONAL,PHASE1/PHASE2,1,2,2,2,2
Cuba,INTERVENTIONAL,PHASE2,19,1.05,1,1,2
Cuba,INTERVENTIONAL,PHASE2/PHASE3,5,1,1,1,1
Cuba,INTERVENTIONAL,PHASE3,27,1.11,1,1,3
Cuba,OBSERVATIONAL,NA,9,2.89,1,5,17
Curacao,OBSERVATIONAL,NA,1,1,1,1,1
Cyprus,EXPANDED_ACCESS,NA,3,2.67,1,5,6
Cyprus,INTERVENTIONAL,EARLY_PHASE1,2,1,1,1,1
Cyprus,INTERVENTIONAL,NA,198,1.06,1,1,3
Cyprus,INTERVENTIONAL,PHASE1,2,1.5,1.5,1.9,2
Cyprus,INTERVENTIONAL,PHASE1/PHASE2,3,1,1,1,1
Cyprus,INTERVENTIONAL,PHASE2,15,1,1,1,1
Cyprus,INTERVENTIONAL,PHASE2/PHASE3,1,1,1,1,1
Cyprus,INTERVENTIONAL,PHASE3,25,1.04,1,1,2
Cyprus,INTERVENTIONAL,PHASE4,3,1,1,1,1
Cyprus,OBSERVATIONAL,NA,56,1.07,1,1,4
Czechia,EXPANDED_ACCESS,NA,17,2.82,2,5,5
Czechia,INTERVENTIONAL,EARLY_PHASE1,3,1,1,1,1
Czechia,INTERVENTIONAL,NA,872,1.61,1,3,40
Czechia,INTERVENTIONAL,PHASE1,141,1.58,1,3,7
Czechia,INTERVENTIONAL,PHASE1/PHASE2,117,2.72,2,5,15
Czechia,INTERVENTIONAL,PHASE2,1315,3.73,3,7,18
Czechia,INTERVENTIONAL,PHASE2/PHASE3,139,2.94,2,6,13
Czechia,INTERVENTIONAL,PHASE3,2987,5.05,4,10,54
Czechia,INTERVENTIONAL,PHASE4,328,4,3,9,29
Czechia,OBSERVATIONAL,NA,857,4.05,1,5,304
Democratic Republic of the Congo,INTERVENTIONAL,NA,33,1.42,1,2,6
Democratic Republic of the Congo,INTERVENTIONAL,PHASE1,1,1,1,1,1
Democratic Republic of the Congo,INTERVENTIONAL,PHASE1/PHASE2,2,1,1,1,1
Democratic Republic of the Congo,INTERVENTIONAL,PHASE2,15,1.27,1,2,2
Democratic Republic of the Congo,INTERVENTIONAL,PHASE2/PHASE3,10,2.9,1,6.5,11
Democratic Republic of the Congo,INTERVENTIONAL,PHASE3,26,1.54,1,2.5,7
Democratic Republic of the Congo,INTERVENTIONAL,PHASE4,17,3.47,1,6.4,25
Democratic Republic of the Congo,OBSERVATIONAL,NA,69,1.55,1,2,9
Denmark,EXPANDED_ACCESS,NA,11,2.55,2,5,5
Denmark,INTERVENTIONAL,EARLY_PHASE1,65,1.17,1,1,6
Denmark,INTERVENTIONAL,NA,4419,1.46,1,2,37
Denmark,INTERVENTIONAL,PHASE1,387,1.25,1,2,6
Denmark,INTERVENTIONAL,PHASE1/PHASE2,255,1.56,1,3,10
Denmark,INTERVENTIONAL,PHASE2,1290,2.13,1,4,17
Denmark,INTERVENTIONAL,PHASE2/PHASE3,187,2.06,1,4,15
Denmark,INTERVENTIONAL,PHASE3,2060,3.15,2,6,29
Denmark,INTERVENTIONAL,PHASE4,959,2.44,1,5,109
Denmark,OBSERVATIONAL,NA,2761,1.5,1,2,93
Djibouti,EXPANDED_ACCESS,NA,2,1,1,1,1
Djibouti,INTERVENTIONAL,NA,1,1,1,1,1
Djibouti,INTERVENTIONAL,PHASE4,1,1,1,1,1
Dominica,OBSERVATIONAL,NA,1,1,1,1,1
Dominican Republic,INTERVENTIONAL,NA,49,1.51,1,1.2,20
Dominican Republic,INTERVENTIONAL,PHASE1,18,1,1,1,1
Dominican Republic,INTERVENTIONAL,PHASE1/PHASE2,4,1,1,1,1
Dominican Republic,INTERVENTIONAL,PHASE2,39,1.31,1,2,3
Dominican Republic,INTERVENTIONAL,PHASE2/PHASE3,9,2.89,2,5,5
Dominican Republic,INTERVENTIONAL,PHASE3,98,1.45,1,2,5
Dominican Republic,INTERVENTIONAL,PHASE4,15,1.4,1,2,3
Dominican Republic,OBSERVATIONAL,NA,25,1.68,1,2.6,10
Ecuador,EXPANDED_ACCESS,NA,1,2,2,2,2
Ecuador,INTERVENTIONAL,EARLY_PHASE1,1,1,1,1,1
Ecuador,INTERVENTIONAL,NA,65,1.2,1,1,9
Ecuador,INTERVENTIONAL,PHASE1,1,2,2,2,2
Ecuador,INTERVENTIONAL,PHASE2,8,1.38,1,2.3,3
Ecuador,INTERVENTIONAL,PHASE2/PHASE3,2,1,1,1,1
Ecuador,INTERVENTIONAL,PHASE3,45,2.49,3,4,5
Ecuador,INTERVENTIONAL,PHASE4,18,1.56,1,2.3,6
Ecuador,OBSERVATIONAL,NA,70,1.91,1,3,14
Egypt,EXPANDED_ACCESS,NA,6,1.33,1,2,2
Egypt,INTERVENTIONAL,EARLY_PHASE1,197,1.07,1,1,3
Egypt,INTERVENTIONAL,NA,8348,1.06,1,1,9
Egypt,INTERVENTIONAL,PHASE1,299,1.07,1,1,4
Egypt,INTERVENTIONAL,PHASE1/PHASE2,212,1.08,1,1,3
Egypt,INTERVENTIONAL,PHASE2,638,1.11,1,1,7
Egypt,INTERVENTIONAL,PHASE2/PHASE3,435,1.11,1,1,6
Egypt,INTERVENTIONAL,PHASE3,823,1.4,1,2,14
Egypt,INTERVENTIONAL,PHASE4,1072,1.15,1,1,14
Egypt,OBSERVATIONAL,NA,3631,1.15,1,1,31
El Salvador,EXPANDED_ACCESS,NA,1,2,2,2,2
El Salvador,INTERVENTIONAL,NA,17,1.71,1,1,13
El Salvador,INTERVENTIONAL,PHASE1,1,1,1,1,1
El Salvador,INTERVENTIONAL,PHASE2,14,1.43,1,2.7,3
El Salvador,INTERVENTIONAL,PHASE2/PHASE3,2,1,1,1,1
El Salvador,INTERVENTIONAL,PHASE3,19,1.37,1,2,3
El Salvador,INTERVENTIONAL,PHASE4,4,1.5,1.5,2,2
El Salvador,OBSERVATIONAL,NA,13,1.38,1,2.8,3
Equatorial Guinea,INTERVENTIONAL,PHASE1,3,1,1,1,1
Eritrea,INTERVENTIONAL,NA,1,1,1,1,1
Estonia,EXPANDED_ACCESS,NA,5,2.6,2,3.8,5
Estonia,INTERVENTIONAL,NA,72,1.36,1,2,5
Estonia,INTERVENTIONAL,PHASE1,6,1.67,2,2,2
Estonia,INTERVENTIONAL,PHASE1/PHASE2,10,2,2,4,4
Estonia,INTERVENTIONAL,PHASE2,205,2.19,2,4,9
Estonia,INTERVENTIONAL,PHASE2/PHASE3,18,1.78,2,3,4
Estonia,INTERVENTIONAL,PHASE3,710,2.67,2,5,13
Estonia,INTERVENTIONAL,PHASE4,58,2.21,2,4.3,8
Estonia,OBSERVATIONAL,NA,109,1.8,1,3,15
Eswatini,INTERVENTIONAL,NA,13,3,1,5.2,20
Eswatini,INTERVENTIONAL,PHASE2,1,1,1,1,1
Eswatini,INTERVENTIONAL,PHASE2/PHASE3,1,1,1,1,1
Eswatini,INTERVENTIONAL,PHASE3,3,1,1,1,1
Eswatini,INTERVENTIONAL,PHASE4,2,3,3,4.6,5
Eswatini,OBSERVATIONAL,NA,11,3.82,1,10,12
Ethiopia,INTERVENTIONAL,EARLY_PHASE1,1,1,1,1,1
Ethiopia,INTERVENTIONAL,NA,174,1.42,1,2,10
Ethiopia,INTERVENTIONAL,PHASE1,1,1,1,1,1
Ethiopia,INTERVENTIONAL,PHASE2,12,1.25,1,2,2
Ethiopia,INTERVENTIONAL,PHASE2/PHASE3,3,1.33,1,1.8,2
Ethiopia,INTERVENTIONAL,PHASE3,20,1.8,2,3.1,4
Ethiopia,INTERVENTIONAL,PHASE4,25,1.04,1,1,2
Ethiopia,OBSERVATIONAL,NA,93,1.35,1,2,6
Faroe Islands,INTERVENTIONAL,NA,6,1,1,1,1
Faroe Islands,INTERVENTIONAL,PHASE1/PHASE2,1,1,1,1,1
Faroe Islands,OBSERVATIONAL,NA,2,1,1,1,1
Federal Republic of Yugoslavia,INTERVENTIONAL,NA,1,1,1,1,1
Federal Republic of Yugoslavia,INTERVENTIONAL,PHASE2,1,2,2,2,2
Federal Republic of Yugoslavia,INTERVENTIONAL,PHASE3,2,1,1,1,1
Fiji,INTERVENTIONAL,NA,4,1,1,1,1
Fiji,INTERVENTIONAL,PHASE2,1,1,1,1,1
Fiji,INTERVENTIONAL,PHASE3,2,1,1,1,1
Fiji,OBSERVATIONAL,NA,10,1.1,1,1.1,2
Finland,EXPANDED_ACCESS,NA,6,1.83,1,3.5,5
Finland,INTERVENTIONAL,EARLY_PHASE1,6,1,1,1,1
Finland,INTERVENTIONAL,NA,1088,1.54,1,3,31
Finland,INTERVENTIONAL,PHASE1,145,1.4,1,3,5
Finland,INTERVENTIONAL,PHASE1/PHASE2,74,1.88,1,3,10
Finland,INTERVENTIONAL,PHASE2,494,2.81,2,6,18
Finland,INTERVENTIONAL,PHASE2/PHASE3,80,2.35,1,4.1,14
Finland,INTERVENTIONAL,PHASE3,1309,3.43,3,7,23
Finland,INTERVENTIONAL,PHASE4,364,2.56,1,5,43
Finland,OBSERVATIONAL,NA,683,1.66,1,3,25
France,EXPANDED_ACCESS,NA,29,15.24,5,36.4,92
France,INTERVENTIONAL,EARLY_PHASE1,47,1.81,1,3.4,10
France,INTERVENTIONAL,NA,12813,2.62,1,6,175
France,INTERVENTIONAL,NA,3,1,1,1,1
France,INTERVENTIONAL,PHASE1,1333,2.5,2,5,24
France,INTERVENTIONAL,PHASE1/PHASE2,989,4.14,3,9,42
France,INTERVENTIONAL,PHASE2,4511,5.86,4,13,123
France,INTERVENTIONAL,PHASE2/PHASE3,507,6.1,3,14,102
France,INTERVENTIONAL,PHASE3,6514,8.16,5,17,171
France,INTERVENTIONAL,PHASE4,1382,7.11,2,16,698
France,OBSERVATIONAL,NA,13064,4.73,1,6,3510
French Guiana,INTERVENTIONAL,NA,9,1.78,1,2.6,5
French Guiana,INTERVENTIONAL,PHASE2,2,1,1,1,1
French Guiana,INTERVENTIONAL,PHASE3,2,1,1,1,1
French Guiana,INTERVENTIONAL,PHASE4,1,1,1,1,1
French Guiana,OBSERVATIONAL,NA,32,1.28,1,2,4
French Polynesia,INTERVENTIONAL,NA,5,1,1,1,1
French Polynesia,OBSERVATIONAL,NA,3,3,2,5.2,6
French Southern and Antarctic Lands,OBSERVATIONAL,NA,1,1,1,1,1
Gabon,INTERVENTIONAL,NA,6,1.17,1,1.5,2
Gabon,INTERVENTIONAL,PHASE1,8,1,1,1,1
Gabon,INTERVENTIONAL,PHASE1/PHASE2,3,1,1,1,1
Gabon,INTERVENTIONAL,PHASE2,23,1.3,1,2,2
Gabon,INTERVENTIONAL,PHASE2/PHASE3,1,2,2,2,2
Gabon,INTERVENTIONAL,PHASE3,8,1.25,1,2,2
Gabon,INTERVENTIONAL,PHASE4,11,1,1,1,1
Gabon,OBSERVATIONAL,NA,14,1.07,1,1,2
Georgia,INTERVENTIONAL,EARLY_PHASE1,4,1.25,1,1.7,2
Georgia,INTERVENTIONAL,NA,94,1.85,1,4,8
Georgia,INTERVENTIONAL,PHASE1,53,1.49,1,3,7
Georgia,INTERVENTIONAL,PHASE1/PHASE2,31,2.29,1,5,10
Georgia,INTERVENTIONAL,PHASE2,215,4.11,4,7.6,14
Georgia,INTERVENTIONAL,PHASE2/PHASE3,31,3.68,3,7,10
Georgia,INTERVENTIONAL,PHASE3,382,4.71,4,8.9,19
Georgia,INTERVENTIONAL,PHASE4,21,3.19,2,7,15
Georgia,OBSERVATIONAL,NA,46,1.52,1,2.5,9
Germany,EXPANDED_ACCESS,NA,31,13.1,7,30,67
Germany,INTERVENTIONAL,EARLY_PHASE1,43,1.65,1,3,9
Germany,INTERVENTIONAL,NA,5478,2.47,1,5,185
Germany,INTERVENTIONAL,NA,1,1,1,1,1
Germany,INTERVENTIONAL,PHASE1,2240,1.8,1,4,23
Germany,INTERVENTIONAL,PHASE1/PHASE2,819,3.35,2,7,45
Germany,INTERVENTIONAL,PHASE2,4679,5.36,4,11,324
Germany,INTERVENTIONAL,PHASE2/PHASE3,500,4.94,3,11,76
Germany,INTERVENTIONAL,PHASE3,6578,9.49,6,20,191
Germany,INTERVENTIONAL,PHASE4,1440,7.11,2,16,258
Germany,OBSERVATIONAL,NA,5995,7.73,1,9,2412
Ghana,INTERVENTIONAL,EARLY_PHASE1,2,1,1,1,1
Ghana,INTERVENTIONAL,NA,130,1.72,1,2.1,20
Ghana,INTERVENTIONAL,PHASE1,5,1,1,1,1
Ghana,INTERVENTIONAL,PHASE2,18,1.28,1,2,2
Ghana,INTERVENTIONAL,PHASE2/PHASE3,7,1.86,1,3.4,4
Ghana,INTERVENTIONAL,PHASE3,49,1.76,1,3,10
Ghana,INTERVENTIONAL,PHASE4,19,1.16,1,1.2,3
Ghana,OBSERVATIONAL,NA,64,1.41,1,2.7,5
Gibraltar,OBSERVATIONAL,NA,1,1,1,1,1
Greece,EXPANDED_ACCESS,NA,15,6.53,3,8,49
Greece,INTERVENTIONAL,EARLY_PHASE1,14,1.43,1,2,3
Greece,INTERVENTIONAL,NA,987,1.24,1,2,13
Greece,INTERVENTIONAL,PHASE1,85,1.56,1,3,5
Greece,INTERVENTIONAL,PHASE1/PHASE2,75,2.85,2,5.6,13
Greece,INTERVENTIONAL,PHASE2,646,3.66,3,8,29
Greece,INTERVENTIONAL,PHASE2/PHASE3,99,2.87,2,6,16
Greece,INTERVENTIONAL,PHASE3,1679,4.23,3,8,35
Greece,INTERVENTIONAL,PHASE4,318,2.5,1,6,19
Greece,OBSERVATIONAL,NA,1128,3.51,1,9,84
Greenland,INTERVENTIONAL,NA,5,2.8,2,5.2,6
Greenland,OBSERVATIONAL,NA,3,1,1,1,1
Grenada,INTERVENTIONAL,NA,3,1,1,1,1
Grenada,INTERVENTIONAL,PHASE3,3,1,1,1,1
Grenada,OBSERVATIONAL,NA,1,1,1,1,1
Guadeloupe,INTERVENTIONAL,NA,39,1.13,1,1.2,3
Guadeloupe,INTERVENTIONAL,PHASE2,2,1,1,1,1
Guadeloupe,INTERVENTIONAL,PHASE2/PHASE3,1,1,1,1,1
Guadeloupe,INTERVENTIONAL,PHASE3,4,1,1,1,1
Guadeloupe,INTERVENTIONAL,PHASE4,3,1,1,1,1
Guadeloupe,OBSERVATIONAL,NA,53,1.28,1,1.8,10
Guam,EXPANDED_ACCESS,NA,2,1,1,1,1
Guam,INTERVENTIONAL,NA,8,1,1,1,1
Guam,INTERVENTIONAL,PHASE2,8,1,1,1,1
Guam,INTERVENTIONAL,PHASE2/PHASE3,1,1,1,1,1
Guam,INTERVENTIONAL,PHASE3,9,1,1,1,1
Guam,OBSERVATIONAL,NA,5,1,1,1,1
Guatemala,INTERVENTIONAL,NA,47,1.21,1,2,5
Guatemala,INTERVENTIONAL,PHASE2,50,2.4,2,5,6
Guatemala,INTERVENTIONAL,PHASE2/PHASE3,12,2.75,2.5,4.9,6
Guatemala,INTERVENTIONAL,PHASE3,227,2.67,2,5,10
Guatemala,INTERVENTIONAL,PHASE4,19,1.47,1,3,4
Guatemala,OBSERVATIONAL,NA,40,1.55,1,3,10
Guinea,INTERVENTIONAL,NA,4,1.75,1,3.1,4
Guinea,INTERVENTIONAL,PHASE1/PHASE2,1,1,1,1,1
Guinea,INTERVENTIONAL,PHASE2,9,1.67,1,2.4,4
Guinea,INTERVENTIONAL,PHASE2/PHASE3,5,1,1,1,1
Guinea,INTERVENTIONAL,PHASE3,9,1.11,1,1.2,2
Guinea,INTERVENTIONAL,PHASE4,5,1,1,1,1
Guinea,OBSERVATIONAL,NA,11,1,1,1,1
Guinea-Bissau,INTERVENTIONAL,NA,15,1.13,1,1,3
Guinea-Bissau,INTERVENTIONAL,PHASE1,2,1.5,1.5,1.9,2
Guinea-Bissau,INTERVENTIONAL,PHASE3,3,1,1,1,1
Guinea-Bissau,INTERVENTIONAL,PHASE4,41,1.02,1,1,2
Guinea-Bissau,OBSERVATIONAL,NA,10,1,1,1,1
Guyana,INTERVENTIONAL,NA,1,2,2,2,2
Guyana,OBSERVATIONAL,NA,1,1,1,1,1
Haiti,INTERVENTIONAL,NA,23,1,1,1,1
Haiti,INTERVENTIONAL,PHASE1,1,1,1,1,1
Haiti,INTERVENTIONAL,PHASE1/PHASE2,4,1,1,1,1
Haiti,INTERVENTIONAL,PHASE2,14,1.29,1,2,2
Haiti,INTERVENTIONAL,PHASE2/PHASE3,1,2,2,2,2
Haiti,INTERVENTIONAL,PHASE3,4,2,2,2,2
Haiti,INTERVENTIONAL,PHASE4,10,1.2,1,2,2
Haiti,OBSERVATIONAL,NA,20,1.2,1,2,3
Holy See,INTERVENTIONAL,NA,1,1,1,1,1
Holy See,INTERVENTIONAL,PHASE2/PHASE3,1,1,1,1,1
Holy See,INTERVENTIONAL,PHASE3,1,1,1,1,1
Honduras,INTERVENTIONAL,EARLY_PHASE1,1,1,1,1,1
Honduras,INTERVENTIONAL,NA,33,1.09,1,1,2
Honduras,INTERVENTIONAL,PHASE1,4,1,1,1,1
Honduras,INTERVENTIONAL,PHASE1/PHASE2,7,1.57,1,2.4,3
Honduras,INTERVENTIONAL,PHASE2,24,1.25,1,2,3
Honduras,INTERVENTIONAL,PHASE2/PHASE3,5,2,2,3,3
Honduras,INTERVENTIONAL,PHASE3,28,1.79,1,3,4
Honduras,INTERVENTIONAL,PHASE4,9,1.22,1,2,2
Honduras,OBSERVATIONAL,NA,20,1.3,1,2,3
Hong Kong,EXPANDED_ACCESS,NA,11,1.45,1,2,3
Hong Kong,INTERVENTIONAL,EARLY_PHASE1,7,1,1,1,1
Hong Kong,INTERVENTIONAL,NA,1919,1.26,1,2,43
Hong Kong,INTERVENTIONAL,PHASE1,127,1.26,1,2,3
Hong Kong,INTERVENTIONAL,PHASE1/PHASE2,77,1.34,1,2,3
Hong Kong,INTERVENTIONAL,PHASE2,439,1.55,1,3,6
Hong Kong,INTERVENTIONAL,PHASE2/PHASE3,69,1.35,1,2,4
Hong Kong,INTERVENTIONAL,PHASE3,900,1.92,2,3,7
Hong Kong,INTERVENTIONAL,PHASE4,198,1.42,1,2,6
Hong Kong,OBSERVATIONAL,NA,713,1.2,1,2,21
Hungary,EXPANDED_ACCESS,NA,17,2.41,1,5.8,7
Hungary,INTERVENTIONAL,EARLY_PHASE1,6,1.17,1,1.5,2
Hungary,INTERVENTIONAL,NA,365,1.65,1,3,29
Hungary,INTERVENTIONAL,PHASE1,143,1.59,1,3,6
Hungary,INTERVENTIONAL,PHASE1/PHASE2,101,2.56,2,5,8
Hungary,INTERVENTIONAL,PHASE2,1252,4.06,4,8,26
Hungary,INTERVENTIONAL,PHASE2/PHASE3,124,3.76,3,8,15
Hungary,INTERVENTIONAL,PHASE3,2948,5.24,4,10,42
Hungary,INTERVENTIONAL,PHASE4,275,4.25,3,9,29
Hungary,OBSERVATIONAL,NA,474,4.27,1,8,75
Iceland,EXPANDED_ACCESS,NA,2,1,1,1,1
Iceland,INTERVENTIONAL,NA,67,1.16,1,2,4
Iceland,INTERVENTIONAL,PHASE1/PHASE2,1,1,1,1,1
Iceland,INTERVENTIONAL,PHASE2,21,1,1,1,1
Iceland,INTERVENTIONAL,PHASE2/PHASE3,3,1,1,1,1
Iceland,INTERVENTIONAL,PHASE3,79,1.22,1,2,3
Iceland,INTERVENTIONAL,PHASE4,18,1.06,1,1,2
Iceland,OBSERVATIONAL,NA,45,1.04,1,1,2
India,EXPANDED_ACCESS,NA,9,2.89,2,5.4,7
India,INTERVENTIONAL,EARLY_PHASE1,12,1.08,1,1,2
India,INTERVENTIONAL,NA,1771,1.64,1,2,63
India,INTERVENTIONAL,PHASE1,390,1.72,1,2,24
India,INTERVENTIONAL,PHASE1/PHASE2,110,2.66,1,6.1,26
India,INTERVENTIONAL,PHASE2,591,5.06,4,11,28
India,INTERVENTIONAL,PHASE2/PHASE3,183,3.79,1,10,30
India,INTERVENTIONAL,PHASE3,1807,8.01,6,17,76
India,INTERVENTIONAL,PHASE4,500,4.66,1,13,63
India,OBSERVATIONAL,NA,983,3.5,1,6,247
Indonesia,EXPANDED_ACCESS,NA,2,1,1,1,1
Indonesia,INTERVENTIONAL,EARLY_PHASE1,21,1.19,1,2,3
Indonesia,INTERVENTIONAL,NA,692,1.2,1,2,8
Indonesia,INTERVENTIONAL,PHASE1,48,1.54,1,2.3,10
Indonesia,INTERVENTIONAL,PHASE1/PHASE2,46,1.09,1,1,3
Indonesia,INTERVENTIONAL,PHASE2,101,1.58,1,3,7
Indonesia,INTERVENTIONAL,PHASE2/PHASE3,62,2.15,1,3,28
Indonesia,INTERVENTIONAL,PHASE3,187,2.57,1,5,22
Indonesia,INTERVENTIONAL,PHASE4,119,1.64,1,3,12
Indonesia,OBSERVATIONAL,NA,275,1.99,1,3,28
Iran,EXPANDED_ACCESS,NA,1,1,1,1,1
Iran,INTERVENTIONAL,EARLY_PHASE1,19,1.05,1,1,2
Iran,INTERVENTIONAL,NA,474,1.13,1,1,15
Iran,INTERVENTIONAL,PHASE1,87,1.06,1,1,2
Iran,INTERVENTIONAL,PHASE1/PHASE2,91,1.11,1,1,3
Iran,INTERVENTIONAL,PHASE2,191,1.13,1,1,13
Iran,INTERVENTIONAL,PHASE2/PHASE3,118,1.03,1,1,2
Iran,INTERVENTIONAL,PHASE3,189,1.88,1,2,44
Iran,INTERVENTIONAL,PHASE4,125,1.17,1,1,7
Iran,OBSERVATIONAL,NA,137,1.77,1,2.4,16
Iraq,EXPANDED_ACCESS,NA,2,1,1,1,1
Iraq,INTERVENTIONAL,EARLY_PHASE1,11,1,1,1,1
Iraq,INTERVENTIONAL,NA,238,1.09,1,1,4
Iraq,INTERVENTIONAL,PHASE1,13,1.15,1,1,3
Iraq,INTERVENTIONAL,PHASE1/PHASE2,11,1,1,1,1
Iraq,INTERVENTIONAL,PHASE2,28,1,1,1,1
Iraq,INTERVENTIONAL,PHASE2/PHASE3,5,1,1,1,1
Iraq,INTERVENTIONAL,PHASE3,17,1,1,1,1
Iraq,INTERVENTIONAL,PHASE4,18,1.06,1,1,2
Iraq,OBSERVATIONAL,NA,85,1.2,1,1,7
Ireland,EXPANDED_ACCESS,NA,9,1.89,1,2.8,6
Ireland,INTERVENTIONAL,EARLY_PHASE1,3,1,1,1,1
Ireland,INTERVENTIONAL,NA,695,1.26,1,2,14
Ireland,INTERVENTIONAL,PHASE1,47,1.34,1,2.4,3
Ireland,INTERVENTIONAL,PHASE1/PHASE2,44,1.77,1,3,10
Ireland,INTERVENTIONAL,PHASE2,293,2.19,1,5,14
Ireland,INTERVENTIONAL,PHASE2/PHASE3,36,1.72,1,3,8
Ireland,INTERVENTIONAL,PHASE3,881,2.68,2,6,15
Ireland,INTERVENTIONAL,PHASE4,132,1.9,1,3,24
Ireland,OBSERVATIONAL,NA,456,1.89,1,4,14
Israel,EXPANDED_ACCESS,NA,18,2.83,2.5,5,7
Israel,INTERVENTIONAL,EARLY_PHASE1,44,1.09,1,1,4
Israel,INTERVENTIONAL,NA,2828,1.25,1,2,22
Israel,INTERVENTIONAL,PHASE1,413,1.9,1,4,7
Israel,INTERVENTIONAL,PHASE1/PHASE2,400,2.16,1,5,11
Israel,INTERVENTIONAL,PHASE2,1243,3.14,2,7,17
Israel,INTERVENTIONAL,PHASE2/PHASE3,225,2.94,2,6,14
Israel,INTERVENTIONAL,PHASE3,2509,4.56,4,9,32
Israel,INTERVENTIONAL,PHASE4,516,2.04,1,4,26
Israel,OBSERVATIONAL,NA,2244,1.45,1,2,23
Italy,EXPANDED_ACCESS,NA,30,8.37,3,17.9,65
Italy,INTERVENTIONAL,EARLY_PHASE1,31,1.19,1,2,2
Italy,INTERVENTIONAL,NA,5750,1.74,1,3,75
Italy,INTERVENTIONAL,NA,1,1,1,1,1
Italy,INTERVENTIONAL,PHASE1,598,2.41,2,5,11
Italy,INTERVENTIONAL,PHASE1/PHASE2,644,3.2,2,6,32
Italy,INTERVENTIONAL,PHASE2,3508,4.91,3,10,66
Italy,INTERVENTIONAL,PHASE2/PHASE3,406,4.67,3,11,38
Italy,INTERVENTIONAL,PHASE3,5341,7.49,5,15,336
Italy,INTERVENTIONAL,PHASE4,1350,4.19,1,10,101
Italy,OBSERVATIONAL,NA,7230,3.5,1,7,203
Jamaica,INTERVENTIONAL,EARLY_PHASE1,4,1,1,1,1
Jamaica,INTERVENTIONAL,NA,23,1.09,1,1,2
Jamaica,INTERVENTIONAL,PHASE1,3,1,1,1,1
Jamaica,INTERVENTIONAL,PHASE1/PHASE2,2,1,1,1,1
Jamaica,INTERVENTIONAL,PHASE2,13,1.46,1,1,7
Jamaica,INTERVENTIONAL,PHASE3,11,1.18,1,1,3
Jamaica,INTERVENTIONAL,PHASE4,3,1,1,1,1
Jamaica,OBSERVATIONAL,NA,18,1.28,1,1.6,4
Japan,EXPANDED_ACCESS,NA,13,9,4,7.6,73
Japan,INTERVENTIONAL,EARLY_PHASE1,8,2.13,1,3.9,6
Japan,INTERVENTIONAL,NA,582,5.26,1,10,317
Japan,INTERVENTIONAL,PHASE1,1291,2.57,1,5,44
Japan,INTERVENTIONAL,PHASE1/PHASE2,365,4.97,3,12,45
Japan,INTERVENTIONAL,PHASE2,1560,9.69,7,22,90
Japan,INTERVENTIONAL,PHASE2/PHASE3,243,13.43,7,32.6,98
Japan,INTERVENTIONAL,PHASE3,3402,16.48,12,37,272
Japan,INTERVENTIONAL,PHASE4,394,6.98,1,20,160
Japan,OBSERVATIONAL,NA,1135,19.9,1,39,1723
Jersey,INTERVENTIONAL,NA,4,1,1,1,1
Jordan,EXPANDED_ACCESS,NA,2,1,1,1,1
Jordan,INTERVENTIONAL,EARLY_PHASE1,4,1,1,1,1
Jordan,INTERVENTIONAL,NA,250,1.1,1,1,4
Jordan,INTERVENTIONAL,PHASE1,57,1.04,1,1,3
Jordan,INTERVENTIONAL,PHASE1/PHASE2,24,1.17,1,1.7,3
Jordan,INTERVENTIONAL,PHASE2,36,1.67,1,4,6
Jordan,INTERVENTIONAL,PHASE2/PHASE3,9,1.78,1,4.2,5
Jordan,INTERVENTIONAL,PHASE3,70,1.87,1,4,7
Jordan,INTERVENTIONAL,PHASE4,19,1.26,1,2.2,3
Jordan,OBSERVATIONAL,NA,138,1.34,1,2,8
Kazakhstan,INTERVENTIONAL,EARLY_PHASE1,1,2,2,2,2
Kazakhstan,INTERVENTIONAL,NA,63,1.29,1,2,5
Kazakhstan,INTERVENTIONAL,PHASE1,11,1,1,1,1
Kazakhstan,INTERVENTIONAL,PHASE1/PHASE2,6,1,1,1,1
Kazakhstan,INTERVENTIONAL,PHASE2,7,1.86,1,3.4,7
Kazakhstan,INTERVENTIONAL,PHASE3,38,2,1,4,7
Kazakhstan,INTERVENTIONAL,PHASE4,19,1.58,1,2.2,6
Kazakhstan,OBSERVATIONAL,NA,106,2.42,1,5.5,17
Kenya,INTERVENTIONAL,EARLY_PHASE1,4,1,1,1,1
Kenya,INTERVENTIONAL,NA,368,1.99,1,2.3,25
Kenya,INTERVENTIONAL,PHASE1,40,1.15,1,2,2
Kenya,INTERVENTIONAL,PHASE1/PHASE2,26,1.42,1,2.5,4
Kenya,INTERVENTIONAL,PHASE2,82,1.3,1,2,4
Kenya,INTERVENTIONAL,PHASE2/PHASE3,16,1.75,1,3.5,7
Kenya,INTERVENTIONAL,PHASE3,125,2.27,1,4.6,10
Kenya,INTERVENTIONAL,PHASE4,57,2.12,1,3,20
Kenya,OBSERVATIONAL,NA,131,1.59,1,3,9
Kiribati,INTERVENTIONAL,NA,1,1,1,1,1
Kosovo,INTERVENTIONAL,EARLY_PHASE1,1,1,1,1,1
Kosovo,INTERVENTIONAL,NA,21,1,1,1,1
Kosovo,INTERVENTIONAL,PHASE3,1,1,1,1,1
Kosovo,INTERVENTIONAL,PHASE4,2,1.5,1.5,1.9,2
Kosovo,OBSERVATIONAL,NA,5,1,1,1,1
Kuwait,EXPANDED_ACCESS,NA,2,1,1,1,1
Kuwait,INTERVENTIONAL,EARLY_PHASE1,1,1,1,1,1
Kuwait,INTERVENTIONAL,NA,55,1.04,1,1,2
Kuwait,INTERVENTIONAL,PHASE1,2,1,1,1,1
Kuwait,INTERVENTIONAL,PHASE1/PHASE2,3,1,1,1,1
Kuwait,INTERVENTIONAL,PHASE2,3,1,1,1,1
Kuwait,INTERVENTIONAL,PHASE2/PHASE3,2,1,1,1,1
Kuwait,INTERVENTIONAL,PHASE3,18,1.06,1,1,2
Kuwait,INTERVENTIONAL,PHASE4,27,1.15,1,1,4
Kuwait,OBSERVATIONAL,NA,93,1.46,1,2.8,8
Kyrgyzstan,INTERVENTIONAL,EARLY_PHASE1,2,1,1,1,1
Kyrgyzstan,INTERVENTIONAL,NA,19,1.11,1,1.2,2
Kyrgyzstan,INTERVENTIONAL,PHASE2,2,1,1,1,1
Kyrgyzstan,INTERVENTIONAL,PHASE2/PHASE3,1,1,1,1,1
Kyrgyzstan,INTERVENTIONAL,PHASE3,4,1,1,1,1
Kyrgyzstan,INTERVENTIONAL,PHASE4,24,1,1,1,1
Kyrgyzstan,OBSERVATIONAL,NA,16,1,1,1,1
Laos,INTERVENTIONAL,NA,10,1,1,1,1
Laos,INTERVENTIONAL,PHASE1/PHASE2,2,1,1,1,1
Laos,INTERVENTIONAL,PHASE2,8,1.75,1,2.9,5
Laos,INTERVENTIONAL,PHASE2/PHASE3,4,1.25,1,1.7,2
Laos,INTERVENTIONAL,PHASE3,4,2.75,1,5.9,8
Laos,INTERVENTIONAL,PHASE4,4,1,1,1,1
Laos,OBSERVATIONAL,NA,17,1.06,1,1,2
Latvia,EXPANDED_ACCESS,NA,3,2.67,2,3.6,4
Latvia,INTERVENTIONAL,EARLY_PHASE1,1,1,1,1,1
Latvia,INTERVENTIONAL,NA,88,1.26,1,2,11
Latvia,INTERVENTIONAL,PHASE1,13,1.46,1,2.8,3
Latvia,INTERVENTIONAL,PHASE1/PHASE2,9,1.89,2,3.2,4
Latvia,INTERVENTIONAL,PHASE2,219,2.83,3,5,9
Latvia,INTERVENTIONAL,PHASE2/PHASE3,26,2.27,2,4,7
Latvia,INTERVENTIONAL,PHASE3,632,3.19,3,6,19
Latvia,INTERVENTIONAL,PHASE4,59,2.85,2,7,13
Latvia,OBSERVATIONAL,NA,89,2.73,1,4.2,42
Lebanon,EXPANDED_ACCESS,NA,4,3,1,6.6,9
Lebanon,INTERVENTIONAL,EARLY_PHASE1,5,1,1,1,1
Lebanon,INTERVENTIONAL,NA,209,1.06,1,1,4
Lebanon,INTERVENTIONAL,PHASE1,20,1.3,1,2,2
Lebanon,INTERVENTIONAL,PHASE1/PHASE2,5,1,1,1,1
Lebanon,INTERVENTIONAL,PHASE2,87,1.84,1,3,13
Lebanon,INTERVENTIONAL,PHASE2/PHASE3,15,1.8,1,3.2,8
Lebanon,INTERVENTIONAL,PHASE3,191,2.04,2,4,7
Lebanon,INTERVENTIONAL,PHASE4,90,1.43,1,2,7
Lebanon,OBSERVATIONAL,NA,137,2.12,1,4.4,29
Lesotho,INTERVENTIONAL,NA,20,5.35,2,12.6,20
Lesotho,INTERVENTIONAL,PHASE3,4,1.25,1,1.7,2
Lesotho,INTERVENTIONAL,PHASE4,1,2,2,2,2
Lesotho,OBSERVATIONAL,NA,16,1.63,1,2.5,4
Liberia,INTERVENTIONAL,NA,10,1.1,1,1.1,2
Liberia,INTERVENTIONAL,PHASE1,1,1,1,1,1
Liberia,INTERVENTIONAL,PHASE1/PHASE2,1,2,2,2,2
Liberia,INTERVENTIONAL,PHASE2,5,1,1,1,1
Liberia,INTERVENTIONAL,PHASE2/PHASE3,1,1,1,1,1
Liberia,INTERVENTIONAL,PHASE3,2,1,1,1,1
Liberia,INTERVENTIONAL,PHASE4,1,2,2,2,2
Liberia,OBSERVATIONAL,NA,14,1.86,1,4,4
Libya,INTERVENTIONAL,NA,2,2,2,2.8,3
Libya,INTERVENTIONAL,PHASE3,2,1,1,1,1
Libya,INTERVENTIONAL,PHASE4,1,1,1,1,1
Libya,OBSERVATIONAL,NA,9,1.22,1,2,2
Liechtenstein,INTERVENTIONAL,NA,9,1,1,1,1
Liechtenstein,OBSERVATIONAL,NA,1,1,1,1,1
Lithuania,EXPANDED_ACCESS,NA,4,2,1.5,3.4,4
Lithuania,INTERVENTIONAL,NA,221,1.2,1,2,8
Lithuania,INTERVENTIONAL,NA,1,1,1,1,1
Lithuania,INTERVENTIONAL,PHASE1,20,1.55,1,2.1,3
Lithuania,INTERVENTIONAL,PHASE1/PHASE2,11,1.91,2,3,5
Lithuania,INTERVENTIONAL,PHASE2,198,2.31,2,4,10
Lithuania,INTERVENTIONAL,PHASE2/PHASE3,33,2.39,2,4,7
Lithuania,INTERVENTIONAL,PHASE3,739,3.14,3,6,17
Lithuania,INTERVENTIONAL,PHASE4,51,3.76,3,6,14
Lithuania,OBSERVATIONAL,NA,155,1.33,1,2,5
Luxembourg,EXPANDED_ACCESS,NA,4,1,1,1,1
Luxembourg,INTERVENTIONAL,NA,46,1.11,1,1.5,2
Luxembourg,INTERVENTIONAL,PHASE1/PHASE2,7,1,1,1,1
Luxembourg,INTERVENTIONAL,PHASE2,16,1.06,1,1,2
Luxembourg,INTERVENTIONAL,PHASE2/PHASE3,1,1,1,1,1
Luxembourg,INTERVENTIONAL,PHASE3,26,1.27,1,2,4
Luxembourg,INTERVENTIONAL,PHASE4,7,1.14,1,1.4,2
Luxembourg,OBSERVATIONAL,NA,62,1.45,1,2,19
Macau,INTERVENTIONAL,NA,14,1.57,2,2,2
Macau,OBSERVATIONAL,NA,2,1,1,1,1
Madagascar,INTERVENTIONAL,NA,11,3.09,1,3,22
Madagascar,INTERVENTIONAL,PHASE1,1,1,1,1,1
Madagascar,INTERVENTIONAL,PHASE2,1,1,1,1,1
Madagascar,INTERVENTIONAL,PHASE2/PHASE3,2,1,1,1,1
Madagascar,INTERVENTIONAL,PHASE3,9,1.56,1,3,3
Madagascar,OBSERVATIONAL,NA,14,1.79,1,1,12
Malawi,INTERVENTIONAL,EARLY_PHASE1,1,1,1,1,1
Malawi,INTERVENTIONAL,NA,145,2.17,1,3,33
Malawi,INTERVENTIONAL,NA,1,1,1,1,1
Malawi,INTERVENTIONAL,PHASE1,5,1.4,1,2,2
Malawi,INTERVENTIONAL,PHASE1/PHASE2,13,1.23,1,2,2
Malawi,INTERVENTIONAL,PHASE2,32,1.16,1,2,2
Malawi,INTERVENTIONAL,PHASE2/PHASE3,6,1.17,1,1.5,2
Malawi,INTERVENTIONAL,PHASE3,58,1.36,1,2,4
Malawi,INTERVENTIONAL,PHASE4,26,1.46,1,2,3
Malawi,OBSERVATIONAL,NA,86,1.31,1,2,7
Malaysia,EXPANDED_ACCESS,NA,9,4.22,3,6.8,14
Malaysia,INTERVENTIONAL,EARLY_PHASE1,9,1.33,1,1.6,4
Malaysia,INTERVENTIONAL,NA,705,1.32,1,2,17
Malaysia,INTERVENTIONAL,PHASE1,53,1.49,1,2,6
Malaysia,INTERVENTIONAL,PHASE1/PHASE2,29,2.34,2,4.2,6
Malaysia,INTERVENTIONAL,PHASE2,243,2.95,2,5.8,11
Malaysia,INTERVENTIONAL,PHASE2/PHASE3,73,2.85,2,7,10
Malaysia,INTERVENTIONAL,PHASE3,909,3.96,3,8,32
Malaysia,INTERVENTIONAL,PHASE4,166,3.08,1,6,78
Malaysia,OBSERVATIONAL,NA,274,2.14,1,5,19
Maldives,OBSERVATIONAL,NA,1,1,1,1,1
Mali,INTERVENTIONAL,NA,36,1.44,1,2.5,6
Mali,INTERVENTIONAL,PHASE1,26,1.08,1,1,3
Mali,INTERVENTIONAL,PHASE1/PHASE2,6,1.17,1,1.5,2
Mali,INTERVENTIONAL,PHASE2,35,1.29,1,2,3
Mali,INTERVENTIONAL,PHASE2/PHASE3,6,2.83,1,6.5,11
Mali,INTERVENTIONAL,PHASE3,21,1.05,1,1,2
Mali,INTERVENTIONAL,PHASE4,14,1,1,1,1
Mali,OBSERVATIONAL,NA,62,1.26,1,2,6
Malta,EXPANDED_ACCESS,NA,2,1,1,1,1
Malta,INTERVENTIONAL,NA,11,1.18,1,1,3
Malta,INTERVENTIONAL,PHASE1/PHASE2,1,1,1,1,1
Malta,INTERVENTIONAL,PHASE2,4,1,1,1,1
Malta,INTERVENTIONAL,PHASE2/PHASE3,1,2,2,2,2
Malta,INTERVENTIONAL,PHASE3,13,1.38,1,2,3
Malta,OBSERVATIONAL,NA,25,1.08,1,1,2
Martinique,INTERVENTIONAL,NA,30,1.03,1,1,2
Martinique,INTERVENTIONAL,PHASE2,7,1,1,1,1
Martinique,INTERVENTIONAL,PHASE3,9,1.11,1,1.2,2
Martinique,INTERVENTIONAL,PHASE4,4,1,1,1,1
Martinique,OBSERVATIONAL,NA,68,1.19,1,1.3,7
Mauritania,INTERVENTIONAL,NA,1,1,1,1,1
Mauritania,OBSERVATIONAL,NA,1,1,1,1,1
Mauritius,INTERVENTIONAL,NA,12,1.33,1,1,5
Mauritius,INTERVENTIONAL,PHASE1,4,1,1,1,1
Mauritius,INTERVENTIONAL,PHASE2,14,1,1,1,1
Mauritius,INTERVENTIONAL,PHASE2/PHASE3,2,1,1,1,1
Mauritius,INTERVENTIONAL,PHASE3,9,1.22,1,2,2
Mauritius,OBSERVATIONAL,NA,13,1,1,1,1
Mayotte,INTERVENTIONAL,NA,2,1,1,1,1
Mayotte,INTERVENTIONAL,PHASE4,1,1,1,1,1
Mayotte,OBSERVATIONAL,NA,5,1,1,1,1
Mexico,EXPANDED_ACCESS,NA,14,4.71,3.5,9.7,13
Mexico,INTERVENTIONAL,EARLY_PHASE1,18,1,1,1,1
Mexico,INTERVENTIONAL,NA,883,1.21,1,2,9
Mexico,INTERVENTIONAL,NA,2,1,1,1,1
Mexico,INTERVENTIONAL,PHASE1,159,1.44,1,3,8
Mexico,INTERVENTIONAL,PHASE1/PHASE2,66,2.09,1,4,9
Mexico,INTERVENTIONAL,PHASE2,812,3.45,3,7,18
Mexico,INTERVENTIONAL,PHASE2/PHASE3,154,3.38,2,8,16
Mexico,INTERVENTIONAL,PHASE3,2480,4.78,4,10,50
Mexico,INTERVENTIONAL,PHASE4,410,2.98,1,7,35
Mexico,OBSERVATIONAL,NA,579,2.16,1,5,31
Micronesia,INTERVENTIONAL,PHASE2,1,1,1,1,1
Moldova,INTERVENTIONAL,NA,18,1.11,1,1.3,2
Moldova,INTERVENTIONAL,PHASE1,99,1,1,1,1
Moldova,INTERVENTIONAL,PHASE1/PHASE2,28,1.11,1,1,3
Moldova,INTERVENTIONAL,PHASE2,97,1.28,1,2,5
Moldova,INTERVENTIONAL,PHASE2/PHASE3,7,1.57,1,3,3
Moldova,INTERVENTIONAL,PHASE3,82,2,1,4,7
Moldova,INTERVENTIONAL,PHASE4,5,2.6,3,3.6,4
Moldova,OBSERVATIONAL,NA,27,1.04,1,1,2
Monaco,INTERVENTIONAL,NA,33,1,1,1,1
Monaco,INTERVENTIONAL,PHASE1,1,1,1,1,1
Monaco,INTERVENTIONAL,PHASE2,4,1,1,1,1
Monaco,INTERVENTIONAL,PHASE3,16,1,1,1,1
Monaco,INTERVENTIONAL,PHASE4,7,1,1,1,1
Monaco,OBSERVATIONAL,NA,37,1,1,1,1
Mongolia,INTERVENTIONAL,NA,10,1,1,1,1
Mongolia,INTERVENTIONAL,PHASE1,3,1,1,1,1
Mongolia,INTERVENTIONAL,PHASE1/PHASE2,3,1.67,2,2,2
Mongolia,INTERVENTIONAL,PHASE2,10,1.1,1,1.1,2
Mongolia,INTERVENTIONAL,PHASE2/PHASE3,1,1,1,1,1
Mongolia,INTERVENTIONAL,PHASE3,10,1.1,1,1.1,2
Mongolia,INTERVENTIONAL,PHASE4,1,1,1,1,1
Mongolia,OBSERVATIONAL,NA,5,1.6,1,2.8,4
Montenegro,INTERVENTIONAL,NA,2,1,1,1,1
Montenegro,INTERVENTIONAL,PHASE2,1,1,1,1,1
Montenegro,INTERVENTIONAL,PHASE2/PHASE3,1,1,1,1,1
Montenegro,INTERVENTIONAL,PHASE3,15,1.13,1,1.6,2
Montenegro,INTERVENTIONAL,PHASE4,1,4,4,4,4
Montenegro,OBSERVATIONAL,NA,7,1,1,1,1
Montserrat,INTERVENTIONAL,PHASE3,1,1,1,1,1
Morocco,INTERVENTIONAL,NA,25,1.16,1,1.6,3
Morocco,INTERVENTIONAL,PHASE1/PHASE2,1,1,1,1,1
Morocco,INTERVENTIONAL,PHASE2,10,1.8,1,3.2,5
Morocco,INTERVENTIONAL,PHASE2/PHASE3,2,1.5,1.5,1.9,2
Morocco,INTERVENTIONAL,PHASE3,47,2.32,2,4,12
Morocco,INTERVENTIONAL,PHASE4,16,2.13,1,4.5,7
Morocco,OBSERVATIONAL,NA,68,2.03,1,4.3,12
Mozambique,INTERVENTIONAL,NA,64,2.83,1,7.7,21
Mozambique,INTERVENTIONAL,PHASE1,2,1,1,1,1
Mozambique,INTERVENTIONAL,PHASE1/PHASE2,4,1.25,1,1.7,2
Mozambique,INTERVENTIONAL,PHASE2,18,1.06,1,1,2
Mozambique,INTERVENTIONAL,PHASE2/PHASE3,6,1.5,1,2.5,3
Mozambique,INTERVENTIONAL,PHASE3,16,1.19,1,1.5,3
Mozambique,INTERVENTIONAL,PHASE4,13,2.08,1,5,6
Mozambique,OBSERVATIONAL,NA,36,1.25,1,2,3
NA,INTERVENTIONAL,NA,2,1.5,1.5,1.9,2
NA,INTERVENTIONAL,PHASE1,4,1,1,1,1
NA,INTERVENTIONAL,PHASE1/PHASE2,1,1,1,1,1
NA,INTERVENTIONAL,PHASE2,12,1,1,1,1
NA,INTERVENTIONAL,PHASE2/PHASE3,1,1,1,1,1
NA,INTERVENTIONAL,PHASE3,43,1.56,1,1,15
NA,INTERVENTIONAL,PHASE4,19,1,1,1,1
NA,OBSERVATIONAL,NA,3,1.33,1,1.8,2
Namibia,INTERVENTIONAL,NA,2,1,1,1,1
Namibia,INTERVENTIONAL,PHASE3,1,1,1,1,1
Namibia,INTERVENTIONAL,PHASE4,1,1,1,1,1
Namibia,OBSERVATIONAL,NA,4,1,1,1,1
Nepal,INTERVENTIONAL,EARLY_PHASE1,1,1,1,1,1
Nepal,INTERVENTIONAL,NA,193,1.91,1,1,119
Nepal,INTERVENTIONAL,PHASE1,1,1,1,1,1
Nepal,INTERVENTIONAL,PHASE1/PHASE2,1,1,1,1,1
Nepal,INTERVENTIONAL,PHASE2,9,1.89,1,3.4,5
Nepal,INTERVENTIONAL,PHASE2/PHASE3,9,1,1,1,1
Nepal,INTERVENTIONAL,PHASE3,36,2,1,4,9
Nepal,INTERVENTIONAL,PHASE4,42,1.76,1,3,10
Nepal,OBSERVATIONAL,NA,108,1.19,1,1,6
Netherlands,EXPANDED_ACCESS,NA,17,3.41,3,6.6,12
Netherlands,INTERVENTIONAL,EARLY_PHASE1,44,1.16,1,1.7,3
Netherlands,INTERVENTIONAL,NA,3678,2.02,1,4,90
Netherlands,INTERVENTIONAL,PHASE1,1135,1.37,1,2,8
Netherlands,INTERVENTIONAL,PHASE1/PHASE2,501,1.81,1,3,13
Netherlands,INTERVENTIONAL,PHASE2,1994,2.49,1,5,52
Netherlands,INTERVENTIONAL,PHASE2/PHASE3,300,2.4,1,5,19
Netherlands,INTERVENTIONAL,PHASE3,3256,4.37,3,9,84
Netherlands,INTERVENTIONAL,PHASE4,838,3.29,1,7,159
Netherlands,OBSERVATIONAL,NA,2944,2.47,1,4,222
Netherlands Antilles,INTERVENTIONAL,NA,1,1,1,1,1
Netherlands Antilles,INTERVENTIONAL,PHASE1/PHASE2,1,1,1,1,1
Netherlands Antilles,INTERVENTIONAL,PHASE3,1,1,1,1,1
New Caledonia,INTERVENTIONAL,NA,9,1.67,1,3.4,5
New Caledonia,INTERVENTIONAL,PHASE2,1,1,1,1,1
New Caledonia,OBSERVATIONAL,NA,3,1,1,1,1
New Zealand,EXPANDED_ACCESS,NA,6,2.5,2.5,4,5
New Zealand,INTERVENTIONAL,EARLY_PHASE1,5,1.2,1,1.6,2
New Zealand,INTERVENTIONAL,NA,369,1.67,1,3,15
New Zealand,INTERVENTIONAL,PHASE1,336,1.53,1,2,8
New Zealand,INTERVENTIONAL,PHASE1/PHASE2,93,1.7,1,3,8
New Zealand,INTERVENTIONAL,PHASE2,509,2.22,2,4,11
New Zealand,INTERVENTIONAL,PHASE2/PHASE3,71,1.85,1,4,6
New Zealand,INTERVENTIONAL,PHASE3,1131,3.11,2,6,22
New Zealand,INTERVENTIONAL,PHASE4,84,2.64,2,6,13
New Zealand,OBSERVATIONAL,NA,152,1.62,1,3,9
Nicaragua,INTERVENTIONAL,EARLY_PHASE1,1,2,2,2,2
Nicaragua,INTERVENTIONAL,NA,3,1.33,1,1.8,2
Nicaragua,INTERVENTIONAL,PHASE1,1,2,2,2,2
Nicaragua,INTERVENTIONAL,PHASE1/PHASE2,3,1,1,1,1
Nicaragua,INTERVENTIONAL,PHASE2,1,1,1,1,1
Nicaragua,INTERVENTIONAL,PHASE2/PHASE3,1,1,1,1,1
Nicaragua,INTERVENTIONAL,PHASE3,5,1,1,1,1
Nicaragua,INTERVENTIONAL,PHASE4,1,1,1,1,1
Nicaragua,OBSERVATIONAL,NA,6,1,1,1,1
Niger,INTERVENTIONAL,NA,13,1.31,1,1.8,4
Niger,INTERVENTIONAL,PHASE3,5,1,1,1,1
Niger,INTERVENTIONAL,PHASE4,15,1,1,1,1
Niger,OBSERVATIONAL,NA,11,1,1,1,1
Nigeria,INTERVENTIONAL,EARLY_PHASE1,4,1.25,1,1.7,2
Nigeria,INTERVENTIONAL,NA,207,2.06,1,2,60
Nigeria,INTERVENTIONAL,PHASE1,12,1.25,1,1.9,3
Nigeria,INTERVENTIONAL,PHASE1/PHASE2,9,1.11,1,1.2,2
Nigeria,INTERVENTIONAL,PHASE2,30,2,1,4,8
Nigeria,INTERVENTIONAL,PHASE2/PHASE3,8,2.5,3,3.6,5
Nigeria,INTERVENTIONAL,PHASE3,48,3.71,2,8.3,16
Nigeria,INTERVENTIONAL,PHASE4,34,1.59,1,2.7,8
Nigeria,OBSERVATIONAL,NA,83,2.01,1,4,13
Niue,INTERVENTIONAL,NA,4,1,1,1,1
North Korea,INTERVENTIONAL,PHASE1,1,1,1,1,1
North Macedonia,INTERVENTIONAL,NA,27,1,1,1,1
North Macedonia,INTERVENTIONAL,PHASE1,5,1,1,1,1
North Macedonia,INTERVENTIONAL,PHASE1/PHASE2,6,1.17,1,1.5,2
North Macedonia,INTERVENTIONAL,PHASE2,26,1.54,1,2.5,5
North Macedonia,INTERVENTIONAL,PHASE2/PHASE3,5,1.8,1,3.2,4
North Macedonia,INTERVENTIONAL,PHASE3,99,1.87,1,4,8
North Macedonia,INTERVENTIONAL,PHASE4,8,2,1,3.8,8
North Macedonia,OBSERVATIONAL,NA,38,1.68,1,2,17
Northern Mariana Islands,INTERVENTIONAL,NA,1,1,1,1,1
Northern Mariana Islands,OBSERVATIONAL,NA,1,1,1,1,1
Norway,EXPANDED_ACCESS,NA,9,1.22,1,2,2
Norway,INTERVENTIONAL,EARLY_PHASE1,15,1.13,1,1.6,2
Norway,INTERVENTIONAL,NA,2010,1.7,1,2,130
Norway,INTERVENTIONAL,PHASE1,120,1.28,1,2,4
Norway,INTERVENTIONAL,PHASE1/PHASE2,119,1.4,1,3,5
Norway,INTERVENTIONAL,PHASE2,626,2.01,1,4,17
Norway,INTERVENTIONAL,PHASE2/PHASE3,84,2.11,1,4.7,18
Norway,INTERVENTIONAL,PHASE3,1086,3.09,2,6,37
Norway,INTERVENTIONAL,PHASE4,366,2.78,1,6,58
Norway,OBSERVATIONAL,NA,1174,1.76,1,3,63
Oman,INTERVENTIONAL,EARLY_PHASE1,1,1,1,1,1
Oman,INTERVENTIONAL,NA,26,1.15,1,1,4
Oman,INTERVENTIONAL,PHASE1/PHASE2,1,1,1,1,1
Oman,INTERVENTIONAL,PHASE2,9,1.11,1,1.2,2
Oman,INTERVENTIONAL,PHASE2/PHASE3,4,1.75,1.5,2.7,3
Oman,INTERVENTIONAL,PHASE3,37,1.05,1,1,2
Oman,INTERVENTIONAL,PHASE4,11,1.09,1,1,2
Oman,OBSERVATIONAL,NA,36,1.06,1,1,2
Pakistan,INTERVENTIONAL,EARLY_PHASE1,54,1.02,1,1,2
Pakistan,INTERVENTIONAL,NA,3757,1.1,1,1,15
Pakistan,INTERVENTIONAL,PHASE1,80,1.15,1,1,4
Pakistan,INTERVENTIONAL,PHASE1/PHASE2,41,1.12,1,1,3
Pakistan,INTERVENTIONAL,PHASE2,135,1.43,1,2,9
Pakistan,INTERVENTIONAL,PHASE2/PHASE3,61,1.16,1,1,8
Pakistan,INTERVENTIONAL,PHASE3,195,1.9,1,4,25
Pakistan,INTERVENTIONAL,PHASE4,228,1.24,1,1.3,11
Pakistan,OBSERVATIONAL,NA,543,1.44,1,2,41
Palestinian Territories,INTERVENTIONAL,EARLY_PHASE1,1,1,1,1,1
Palestinian Territories,INTERVENTIONAL,NA,65,1.17,1,1.6,4
Palestinian Territories,INTERVENTIONAL,PHASE1,1,1,1,1,1
Palestinian Territories,INTERVENTIONAL,PHASE2,2,1,1,1,1
Palestinian Territories,INTERVENTIONAL,PHASE2/PHASE3,2,2,2,2.8,3
Palestinian Territories,INTERVENTIONAL,PHASE3,1,1,1,1,1
Palestinian Territories,OBSERVATIONAL,NA,8,1.25,1,2,2
Panama,EXPANDED_ACCESS,NA,2,1,1,1,1
Panama,INTERVENTIONAL,EARLY_PHASE1,2,1,1,1,1
Panama,INTERVENTIONAL,NA,56,1.2,1,1.5,5
Panama,INTERVENTIONAL,PHASE1,9,2.11,2,3.2,4
Panama,INTERVENTIONAL,PHASE1/PHASE2,19,1.53,1,3,4
Panama,INTERVENTIONAL,PHASE2,49,1.67,1,3,5
Panama,INTERVENTIONAL,PHASE2/PHASE3,13,2,1,3.8,4
Panama,INTERVENTIONAL,PHASE3,162,1.55,1,3,7
Panama,INTERVENTIONAL,PHASE4,25,1.2,1,2,3
Panama,OBSERVATIONAL,NA,49,1.41,1,2,13
Papua New Guinea,INTERVENTIONAL,NA,5,1.6,1,2.8,4
Papua New Guinea,INTERVENTIONAL,PHASE2,8,1.13,1,1.3,2
Papua New Guinea,INTERVENTIONAL,PHASE2/PHASE3,1,1,1,1,1
Papua New Guinea,INTERVENTIONAL,PHASE3,11,1.09,1,1,2
Papua New Guinea,INTERVENTIONAL,PHASE4,7,1,1,1,1
Papua New Guinea,OBSERVATIONAL,NA,7,1.14,1,1.4,2
Paraguay,INTERVENTIONAL,EARLY_PHASE1,3,1,1,1,1
Paraguay,INTERVENTIONAL,NA,53,1.06,1,1,2
Paraguay,INTERVENTIONAL,PHASE1,2,1,1,1,1
Paraguay,INTERVENTIONAL,PHASE1/PHASE2,3,1,1,1,1
Paraguay,INTERVENTIONAL,PHASE2,3,2.33,2,3.6,4
Paraguay,INTERVENTIONAL,PHASE2/PHASE3,1,1,1,1,1
Paraguay,INTERVENTIONAL,PHASE3,14,1.57,1,3.4,5
Paraguay,INTERVENTIONAL,PHASE4,3,1,1,1,1
Paraguay,OBSERVATIONAL,NA,10,1.8,1,2.6,8
Peru,EXPANDED_ACCESS,NA,3,2.67,2,3.6,4
Peru,INTERVENTIONAL,EARLY_PHASE1,2,2,2,2.8,3
Peru,INTERVENTIONAL,NA,120,1.29,1,2,12
Peru,INTERVENTIONAL,PHASE1,18,1.56,1.5,2,3
Peru,INTERVENTIONAL,PHASE1/PHASE2,12,2.17,2,3.9,5
Peru,INTERVENTIONAL,PHASE2,220,2.77,2,5.1,17
Peru,INTERVENTIONAL,PHASE2/PHASE3,30,3.6,4,6,12
Peru,INTERVENTIONAL,PHASE3,750,3.86,3,7,20
Peru,INTERVENTIONAL,PHASE4,71,2.75,2,6,10
Peru,OBSERVATIONAL,NA,126,2.06,1,4,15
Philippines,EXPANDED_ACCESS,NA,6,2.67,2.5,4,4
Philippines,INTERVENTIONAL,EARLY_PHASE1,3,1,1,1,1
Philippines,INTERVENTIONAL,NA,111,1.64,1,3,25
Philippines,INTERVENTIONAL,PHASE1,21,2,1,4,9
Philippines,INTERVENTIONAL,PHASE1/PHASE2,16,2.19,2,3.5,5
Philippines,INTERVENTIONAL,PHASE2,181,2.73,2,5,10
Philippines,INTERVENTIONAL,PHASE2/PHASE3,42,3.64,3,6,10
Philippines,INTERVENTIONAL,PHASE3,704,4.29,4,8,20
Philippines,INTERVENTIONAL,PHASE4,105,4.05,2,6,127
Philippines,OBSERVATIONAL,NA,129,5.75,1,7.8,122
Poland,EXPANDED_ACCESS,NA,19,3.16,2,5.4,9
Poland,INTERVENTIONAL,EARLY_PHASE1,11,2.18,1,5,8
Poland,INTERVENTIONAL,NA,1517,1.56,1,3,23
Poland,INTERVENTIONAL,PHASE1,292,2.63,2,5,13
Poland,INTERVENTIONAL,PHASE1/PHASE2,259,2.98,2,6,16
Poland,INTERVENTIONAL,PHASE2,2336,5.31,4,11,41
Poland,INTERVENTIONAL,PHASE2/PHASE3,256,4.76,3,10,45
Poland,INTERVENTIONAL,PHASE3,4573,7.12,5,14,95
Poland,INTERVENTIONAL,PHASE4,569,4.7,2,10,247
Poland,OBSERVATIONAL,NA,1236,2.93,1,6,438
Portugal,EXPANDED_ACCESS,NA,7,3.29,4,5,5
Portugal,INTERVENTIONAL,EARLY_PHASE1,3,1,1,1,1
Portugal,INTERVENTIONAL,NA,902,1.41,1,2,39
Portugal,INTERVENTIONAL,NA,1,1,1,1,1
Portugal,INTERVENTIONAL,PHASE1,85,1.4,1,3,5
Portugal,INTERVENTIONAL,PHASE1/PHASE2,37,2,1,3.4,7
Portugal,INTERVENTIONAL,PHASE2,393,2.79,2,5,13
Portugal,INTERVENTIONAL,PHASE2/PHASE3,84,3.17,2.5,7,9
Portugal,INTERVENTIONAL,PHASE3,1434,3.87,3,7,20
Portugal,INTERVENTIONAL,PHASE4,167,3.54,2,8,33
Portugal,OBSERVATIONAL,NA,683,2.55,1,6,58
Puerto Rico,EXPANDED_ACCESS,NA,11,1.64,1,3,3
Puerto Rico,INTERVENTIONAL,EARLY_PHASE1,2,1.5,1.5,1.9,2
Puerto Rico,INTERVENTIONAL,NA,162,1.72,1,2.9,14
Puerto Rico,INTERVENTIONAL,PHASE1,138,1.37,1,2,10
Puerto Rico,INTERVENTIONAL,PHASE1/PHASE2,79,1.41,1,2,7
Puerto Rico,INTERVENTIONAL,PHASE2,683,1.73,1,3,15
Puerto Rico,INTERVENTIONAL,PHASE2/PHASE3,79,1.84,1,3,12
Puerto Rico,INTERVENTIONAL,PHASE3,1408,1.96,1,4,12
Puerto Rico,INTERVENTIONAL,PHASE4,164,2.32,1,4,27
Puerto Rico,OBSERVATIONAL,NA,234,1.46,1,2,9
Qatar,INTERVENTIONAL,EARLY_PHASE1,2,1,1,1,1
Qatar,INTERVENTIONAL,NA,88,1.08,1,1,3
Qatar,INTERVENTIONAL,PHASE1,3,1,1,1,1
Qatar,INTERVENTIONAL,PHASE2,10,1,1,1,1
Qatar,INTERVENTIONAL,PHASE2/PHASE3,3,1.33,1,1.8,2
Qatar,INTERVENTIONAL,PHASE3,22,1.05,1,1,2
Qatar,INTERVENTIONAL,PHASE4,30,1,1,1,1
Qatar,OBSERVATIONAL,NA,87,1.03,1,1,2
Republic of the Congo,INTERVENTIONAL,NA,12,1,1,1,1
Republic of the Congo,INTERVENTIONAL,PHASE1,1,1,1,1,1
Republic of the Congo,INTERVENTIONAL,PHASE2,5,1.2,1,1.6,2
Republic of the Congo,INTERVENTIONAL,PHASE2/PHASE3,4,3,1.5,6.2,8
Republic of the Congo,INTERVENTIONAL,PHASE3,5,1,1,1,1
Republic of the Congo,INTERVENTIONAL,PHASE4,4,2.25,1,4.5,6
Republic of the Congo,OBSERVATIONAL,NA,8,1.5,1,2.3,3
Reunion,INTERVENTIONAL,NA,47,1.45,1,2,7
Reunion,INTERVENTIONAL,PHASE2,2,1,1,1,1
Reunion,INTERVENTIONAL,PHASE2/PHASE3,3,1,1,1,1
Reunion,INTERVENTIONAL,PHASE3,7,1.14,1,1.4,2
Reunion,INTERVENTIONAL,PHASE4,4,1,1,1,1
Reunion,OBSERVATIONAL,NA,46,1.24,1,2,3
Romania,EXPANDED_ACCESS,NA,10,2.6,2.5,4.1,5
Romania,INTERVENTIONAL,EARLY_PHASE1,2,1.5,1.5,1.9,2
Romania,INTERVENTIONAL,NA,293,1.48,1,2,18
Romania,INTERVENTIONAL,NA,1,1,1,1,1
Romania,INTERVENTIONAL,PHASE1,82,1.46,1,2,5
Romania,INTERVENTIONAL,PHASE1/PHASE2,45,2.64,2,4.6,8
Romania,INTERVENTIONAL,PHASE2,650,3.99,3.5,7.1,16
Romania,INTERVENTIONAL,PHASE2/PHASE3,86,4.51,4,9.5,18
Romania,INTERVENTIONAL,PHASE3,1827,5.45,4,10,46
Romania,INTERVENTIONAL,PHASE4,160,4.63,3,10,23
Romania,OBSERVATIONAL,NA,389,5.03,1,11.2,106
Russia,EXPANDED_ACCESS,NA,19,4.26,3,8.8,12
Russia,INTERVENTIONAL,EARLY_PHASE1,7,1,1,1,1
Russia,INTERVENTIONAL,NA,696,1.69,1,2,54
Russia,INTERVENTIONAL,PHASE1,255,2.35,1,5,28
Russia,INTERVENTIONAL,PHASE1/PHASE2,150,3.24,2,7.1,20
Russia,INTERVENTIONAL,PHASE2,1231,5.67,5,11,44
Russia,INTERVENTIONAL,PHASE2/PHASE3,154,5.34,3,15,33
Russia,INTERVENTIONAL,PHASE3,3078,8.56,6,17.3,114
Russia,INTERVENTIONAL,PHASE4,374,6.66,3,16,93
Russia,OBSERVATIONAL,NA,819,6.33,1,18,190
Rwanda,INTERVENTIONAL,EARLY_PHASE1,1,1,1,1,1
Rwanda,INTERVENTIONAL,NA,73,1.99,1,2,39
Rwanda,INTERVENTIONAL,PHASE1,8,1.13,1,1.3,2
Rwanda,INTERVENTIONAL,PHASE1/PHASE2,6,1,1,1,1
Rwanda,INTERVENTIONAL,PHASE2,6,1.17,1,1.5,2
Rwanda,INTERVENTIONAL,PHASE2/PHASE3,3,1,1,1,1
Rwanda,INTERVENTIONAL,PHASE3,15,1.8,1,4.2,6
Rwanda,INTERVENTIONAL,PHASE4,8,2,1,3.6,5
Rwanda,OBSERVATIONAL,NA,31,1.1,1,1,3
Saint Kitts and Nevis,INTERVENTIONAL,PHASE2,1,3,3,3,3
Saint Kitts and Nevis,INTERVENTIONAL,PHASE4,2,1,1,1,1
Saint Kitts and Nevis,OBSERVATIONAL,NA,1,1,1,1,1
Saint Lucia,INTERVENTIONAL,PHASE3,1,1,1,1,1
Saint Lucia,OBSERVATIONAL,NA,1,1,1,1,1
Saint Martin,OBSERVATIONAL,NA,1,1,1,1,1
Saint Vincent and the Grenadines,OBSERVATIONAL,NA,1,1,1,1,1
Samoa,INTERVENTIONAL,NA,1,1,1,1,1
Samoa,OBSERVATIONAL,NA,1,1,1,1,1
San Marino,INTERVENTIONAL,NA,2,1,1,1,1
San Marino,OBSERVATIONAL,NA,1,1,1,1,1
Saudi Arabia,EXPANDED_ACCESS,NA,2,2.5,2.5,3.7,4
Saudi Arabia,INTERVENTIONAL,EARLY_PHASE1,10,1.2,1,2,2
Saudi Arabia,INTERVENTIONAL,NA,687,1.1,1,1,8
Saudi Arabia,INTERVENTIONAL,PHASE1,27,1.19,1,1.4,3
Saudi Arabia,INTERVENTIONAL,PHASE1/PHASE2,19,1.21,1,2,3
Saudi Arabia,INTERVENTIONAL,PHASE2,90,1.4,1,2,14
Saudi Arabia,INTERVENTIONAL,PHASE2/PHASE3,29,1.45,1,2,7
Saudi Arabia,INTERVENTIONAL,PHASE3,260,2,1,4,8
Saudi Arabia,INTERVENTIONAL,PHASE4,110,1.49,1,2.1,15
Saudi Arabia,OBSERVATIONAL,NA,385,2.2,1,4,71
Senegal,INTERVENTIONAL,EARLY_PHASE1,1,1,1,1,1
Senegal,INTERVENTIONAL,NA,34,1.59,1,3.7,6
Senegal,INTERVENTIONAL,PHASE1,2,1,1,1,1
Senegal,INTERVENTIONAL,PHASE1/PHASE2,3,1,1,1,1
Senegal,INTERVENTIONAL,PHASE2,17,1,1,1,1
Senegal,INTERVENTIONAL,PHASE2/PHASE3,2,1,1,1,1
Senegal,INTERVENTIONAL,PHASE3,24,1.25,1,2,3
Senegal,INTERVENTIONAL,PHASE4,13,1.15,1,1.8,2
Senegal,OBSERVATIONAL,NA,33,1.39,1,2,6
Serbia,EXPANDED_ACCESS,NA,6,1.5,1,2.5,4
Serbia,INTERVENTIONAL,EARLY_PHASE1,1,1,1,1,1
Serbia,INTERVENTIONAL,NA,194,1.46,1,2.7,10
Serbia,INTERVENTIONAL,PHASE1,28,1.86,1,3,4
Serbia,INTERVENTIONAL,PHASE1/PHASE2,22,2.5,2,4.9,5
Serbia,INTERVENTIONAL,PHASE2,322,3.29,3,6,12
Serbia,INTERVENTIONAL,PHASE2/PHASE3,50,2.92,2,6,13
Serbia,INTERVENTIONAL,PHASE3,878,3.9,3,7,21
Serbia,INTERVENTIONAL,PHASE4,74,2.46,2,5,12
Serbia,OBSERVATIONAL,NA,197,2.32,1,5.4,18
Serbia and Montenegro,INTERVENTIONAL,NA,1,1,1,1,1
Serbia and Montenegro,INTERVENTIONAL,PHASE2,10,2.2,2,4,4
Serbia and Montenegro,INTERVENTIONAL,PHASE2/PHASE3,1,6,6,6,6
Serbia and Montenegro,INTERVENTIONAL,PHASE3,22,2.36,1.5,5,7
Serbia and Montenegro,INTERVENTIONAL,PHASE4,5,3,3,4,4
Serbia and Montenegro,OBSERVATIONAL,NA,6,2.17,1,4.5,6
Seychelles,OBSERVATIONAL,NA,1,1,1,1,1
Sierra Leone,INTERVENTIONAL,NA,27,2.44,1,10,10
Sierra Leone,INTERVENTIONAL,PHASE1/PHASE2,1,7,7,7,7
Sierra Leone,INTERVENTIONAL,PHASE2,6,1,1,1,1
Sierra Leone,INTERVENTIONAL,PHASE2/PHASE3,1,5,5,5,5
Sierra Leone,INTERVENTIONAL,PHASE3,5,1.8,1,3.4,5
Sierra Leone,INTERVENTIONAL,PHASE4,3,1,1,1,1
Sierra Leone,OBSERVATIONAL,NA,14,1.14,1,1.7,2
Singapore,EXPANDED_ACCESS,NA,13,2,1,4.4,6
Singapore,INTERVENTIONAL,EARLY_PHASE1,10,1.1,1,1.1,2
Singapore,INTERVENTIONAL,NA,1069,1.24,1,2,14
Singapore,INTERVENTIONAL,PHASE1,401,1.18,1,2,3
Singapore,INTERVENTIONAL,PHASE1/PHASE2,144,1.48,1,2,5
Singapore,INTERVENTIONAL,PHASE2,518,1.56,1,3,6
Singapore,INTERVENTIONAL,PHASE2/PHASE3,77,1.6,1,3,7
Singapore,INTERVENTIONAL,PHASE3,899,1.95,2,3,7
Singapore,INTERVENTIONAL,PHASE4,154,1.52,1,3,12
Singapore,OBSERVATIONAL,NA,649,1.3,1,2,14
Slovakia,EXPANDED_ACCESS,NA,6,2,1.5,3.5,5
Slovakia,INTERVENTIONAL,EARLY_PHASE1,1,1,1,1,1
Slovakia,INTERVENTIONAL,NA,125,2.79,1,3,56
Slovakia,INTERVENTIONAL,PHASE1,61,1.46,1,3,7
Slovakia,INTERVENTIONAL,PHASE1/PHASE2,13,2.31,2,4.6,7
Slovakia,INTERVENTIONAL,PHASE2,424,3.78,3,7,23
Slovakia,INTERVENTIONAL,PHASE2/PHASE3,54,3.37,3,6.7,13
Slovakia,INTERVENTIONAL,PHASE3,1312,4.73,4,9,42
Slovakia,INTERVENTIONAL,PHASE4,112,4.65,4,9.9,21
Slovakia,OBSERVATIONAL,NA,236,5.88,1,9,167
Slovenia,EXPANDED_ACCESS,NA,7,1.29,1,2,2
Slovenia,INTERVENTIONAL,EARLY_PHASE1,3,1,1,1,1
Slovenia,INTERVENTIONAL,NA,411,1.29,1,2,21
Slovenia,INTERVENTIONAL,PHASE1,19,1.21,1,1.2,4
Slovenia,INTERVENTIONAL,PHASE1/PHASE2,14,1.07,1,1,2
Slovenia,INTERVENTIONAL,PHASE2,101,1.67,1,3,7
Slovenia,INTERVENTIONAL,PHASE2/PHASE3,15,1.07,1,1,2
Slovenia,INTERVENTIONAL,PHASE3,266,1.78,1,3,14
Slovenia,INTERVENTIONAL,PHASE4,77,1.55,1,3,6
Slovenia,OBSERVATIONAL,NA,334,2.72,1,2,182
Solomon Islands,INTERVENTIONAL,NA,1,2,2,2,2
Solomon Islands,INTERVENTIONAL,PHASE3,1,1,1,1,1
Solomon Islands,INTERVENTIONAL,PHASE4,2,1,1,1,1
Somalia,INTERVENTIONAL,NA,4,1.5,1.5,2,2
Somalia,INTERVENTIONAL,PHASE4,1,1,1,1,1
Somalia,OBSERVATIONAL,NA,2,1,1,1,1
South Africa,EXPANDED_ACCESS,NA,6,5.67,4,12,15
South Africa,INTERVENTIONAL,EARLY_PHASE1,8,1.75,1.5,3,3
South Africa,INTERVENTIONAL,NA,437,1.51,1,2,32
South Africa,INTERVENTIONAL,PHASE1,174,1.97,1,4,8
South Africa,INTERVENTIONAL,PHASE1/PHASE2,81,2.85,2,6,9
South Africa,INTERVENTIONAL,PHASE2,697,3.72,3,8,36
South Africa,INTERVENTIONAL,PHASE2/PHASE3,123,4.83,4,10,32
South Africa,INTERVENTIONAL,PHASE3,1752,5.2,4,10,41
South Africa,INTERVENTIONAL,PHASE4,193,4.65,3,11,25
South Africa,OBSERVATIONAL,NA,313,2.33,1,5,26
South Korea,EXPANDED_ACCESS,NA,20,4.75,2,11.6,19
South Korea,INTERVENTIONAL,EARLY_PHASE1,22,1.55,1,3.9,5
South Korea,INTERVENTIONAL,NA,3758,1.5,1,2,46
South Korea,INTERVENTIONAL,NA,1,1,1,1,1
South Korea,INTERVENTIONAL,PHASE1,1847,1.68,1,4,14
South Korea,INTERVENTIONAL,PHASE1/PHASE2,620,3.23,2,7,19
South Korea,INTERVENTIONAL,PHASE2,2362,3.22,2,7,26
South Korea,INTERVENTIONAL,PHASE2/PHASE3,228,4.07,3,10,23
South Korea,INTERVENTIONAL,PHASE3,3692,5.67,4,12,50
South Korea,INTERVENTIONAL,PHASE4,1550,3.3,1,9,63
South Korea,OBSERVATIONAL,NA,2984,3.18,1,6,326
South Sudan,INTERVENTIONAL,EARLY_PHASE1,1,1,1,1,1
South Sudan,INTERVENTIONAL,PHASE3,2,1,1,1,1
South Sudan,INTERVENTIONAL,PHASE4,1,1,1,1,1
South Sudan,OBSERVATIONAL,NA,6,1,1,1,1
Spain,EXPANDED_ACCESS,NA,29,14.45,8,38,83
Spain,INTERVENTIONAL,EARLY_PHASE1,57,2.44,1,6,14
Spain,INTERVENTIONAL,NA,6622,1.66,1,2,108
Spain,INTERVENTIONAL,PHASE1,1300,3.28,3,7,24
Spain,INTERVENTIONAL,PHASE1/PHASE2,969,4.43,3,9,29
Spain,INTERVENTIONAL,PHASE2,3716,5.52,4,11,94
Spain,INTERVENTIONAL,PHASE2/PHASE3,413,5.01,3,11,30
Spain,INTERVENTIONAL,PHASE3,5640,7.68,6,15,79
Spain,INTERVENTIONAL,PHASE4,1371,5.39,2,13,87
Spain,OBSERVATIONAL,NA,4260,4.78,1,13,169
Sri Lanka,INTERVENTIONAL,NA,26,1.46,1,2.5,5
Sri Lanka,INTERVENTIONAL,PHASE1,1,2,2,2,2
Sri Lanka,INTERVENTIONAL,PHASE1/PHASE2,1,1,1,1,1
Sri Lanka,INTERVENTIONAL,PHASE2,7,3.29,3,4.8,6
Sri Lanka,INTERVENTIONAL,PHASE2/PHASE3,1,1,1,1,1
Sri Lanka,INTERVENTIONAL,PHASE3,30,3.83,4,7.3,11
Sri Lanka,INTERVENTIONAL,PHASE4,7,3,3,5.2,7
Sri Lanka,OBSERVATIONAL,NA,45,1.29,1,1,11
Sudan,INTERVENTIONAL,NA,12,1.5,1,1.9,6
Sudan,INTERVENTIONAL,PHASE1,2,1,1,1,1
Sudan,INTERVENTIONAL,PHASE1/PHASE2,2,1,1,1,1
Sudan,INTERVENTIONAL,PHASE2,10,1.1,1,1.1,2
Sudan,INTERVENTIONAL,PHASE2/PHASE3,2,1.5,1.5,1.9,2
Sudan,INTERVENTIONAL,PHASE3,8,2.13,1,4.5,8
Sudan,INTERVENTIONAL,PHASE4,7,1.43,1,2.4,3
Sudan,OBSERVATIONAL,NA,31,1.03,1,1,2
Suriname,INTERVENTIONAL,NA,4,1,1,1,1
Suriname,OBSERVATIONAL,NA,4,1.5,1,2.4,3
Sweden,EXPANDED_ACCESS,NA,12,3.25,3,5,8
Sweden,INTERVENTIONAL,EARLY_PHASE1,39,1.26,1,1.2,5
Sweden,INTERVENTIONAL,NA,3138,1.66,1,3,58
Sweden,INTERVENTIONAL,PHASE1,339,1.41,1,2,7
Sweden,INTERVENTIONAL,PHASE1/PHASE2,219,1.62,1,3,12
Sweden,INTERVENTIONAL,PHASE2,1077,2.43,2,5,18
Sweden,INTERVENTIONAL,PHASE2/PHASE3,145,2.31,1,5,13
Sweden,INTERVENTIONAL,PHASE3,2137,3.64,3,7,108
Sweden,INTERVENTIONAL,PHASE4,493,3.5,1,7,65
Sweden,OBSERVATIONAL,NA,1908,1.87,1,3,56
Switzerland,EXPANDED_ACCESS,NA,24,4.13,3,8.7,11
Switzerland,INTERVENTIONAL,EARLY_PHASE1,46,1.15,1,1.5,3
Switzerland,INTERVENTIONAL,NA,3267,1.4,1,2,32
Switzerland,INTERVENTIONAL,PHASE1,443,1.44,1,3,10
Switzerland,INTERVENTIONAL,PHASE1/PHASE2,232,2.09,1,4,17
Switzerland,INTERVENTIONAL,PHASE2,985,2.54,1,5,26
Switzerland,INTERVENTIONAL,PHASE2/PHASE3,118,1.92,1,4,11
Switzerland,INTERVENTIONAL,PHASE3,1791,2.97,2,6,43
Switzerland,INTERVENTIONAL,PHASE4,602,1.79,1,3,26
Switzerland,OBSERVATIONAL,NA,2843,1.75,1,3,77
Syria,INTERVENTIONAL,NA,205,1.03,1,1,3
Syria,INTERVENTIONAL,PHASE1,2,1,1,1,1
Syria,INTERVENTIONAL,PHASE1/PHASE2,4,1,1,1,1
Syria,INTERVENTIONAL,PHASE2,2,1,1,1,1
Syria,INTERVENTIONAL,PHASE2/PHASE3,5,1,1,1,1
Syria,INTERVENTIONAL,PHASE3,9,1.33,1,2.2,3
Syria,INTERVENTIONAL,PHASE4,16,1,1,1,1
Syria,OBSERVATIONAL,NA,38,1.08,1,1,2
Taiwan,EXPANDED_ACCESS,NA,20,4.7,3,10.4,16
Taiwan,INTERVENTIONAL,EARLY_PHASE1,31,1.42,1,3,6
Taiwan,INTERVENTIONAL,NA,4028,1.15,1,1,14
Taiwan,INTERVENTIONAL,PHASE1,492,2.09,1,4,10
Taiwan,INTERVENTIONAL,PHASE1/PHASE2,310,2.69,2,5.1,11
Taiwan,INTERVENTIONAL,PHASE2,1281,3.09,2,6,16
Taiwan,INTERVENTIONAL,PHASE2/PHASE3,177,2.92,2,6,18
Taiwan,INTERVENTIONAL,PHASE3,2492,4.57,4,9,24
Taiwan,INTERVENTIONAL,PHASE4,702,2,1,5,14
Taiwan,OBSERVATIONAL,NA,2736,1.42,1,2,26
Tajikistan,EXPANDED_ACCESS,NA,1,1,1,1,1
Tajikistan,INTERVENTIONAL,NA,5,4.8,1,12.4,20
Tanzania,INTERVENTIONAL,EARLY_PHASE1,1,1,1,1,1
Tanzania,INTERVENTIONAL,NA,196,1.97,1,2,40
Tanzania,INTERVENTIONAL,PHASE1,25,1,1,1,1
Tanzania,INTERVENTIONAL,PHASE1/PHASE2,12,1.25,1,1,4
Tanzania,INTERVENTIONAL,PHASE2,54,1.33,1,2.7,3
Tanzania,INTERVENTIONAL,PHASE2/PHASE3,12,1.33,1,1.9,4
Tanzania,INTERVENTIONAL,PHASE3,86,1.28,1,2,8
Tanzania,INTERVENTIONAL,PHASE4,43,1.26,1,2,6
Tanzania,OBSERVATIONAL,NA,82,1.49,1,2,10
Thailand,EXPANDED_ACCESS,NA,11,2.45,2,5,5
Thailand,INTERVENTIONAL,EARLY_PHASE1,14,1.07,1,1,2
Thailand,INTERVENTIONAL,NA,1009,1.16,1,1,12
Thailand,INTERVENTIONAL,PHASE1,118,1.75,1,3,6
Thailand,INTERVENTIONAL,PHASE1/PHASE2,97,1.63,1,3,5
Thailand,INTERVENTIONAL,PHASE2,453,2.54,2,5,32
Thailand,INTERVENTIONAL,PHASE2/PHASE3,116,2.47,2,5,9
Thailand,INTERVENTIONAL,PHASE3,1219,3.56,3,7,43
Thailand,INTERVENTIONAL,PHASE4,442,1.72,1,3,10
Thailand,OBSERVATIONAL,NA,693,2,1,3,49
The Bahamas,INTERVENTIONAL,NA,4,1,1,1,1
The Bahamas,INTERVENTIONAL,PHASE1,1,1,1,1,1
The Bahamas,INTERVENTIONAL,PHASE1/PHASE2,3,1,1,1,1
The Bahamas,INTERVENTIONAL,PHASE2,7,1,1,1,1
The Bahamas,INTERVENTIONAL,PHASE2/PHASE3,1,1,1,1,1
The Bahamas,INTERVENTIONAL,PHASE3,5,1,1,1,1
The Bahamas,INTERVENTIONAL,PHASE4,1,1,1,1,1
The Gambia,INTERVENTIONAL,EARLY_PHASE1,1,1,1,1,1
The Gambia,INTERVENTIONAL,NA,17,1,1,1,1
The Gambia,INTERVENTIONAL,PHASE1,8,1,1,1,1
The Gambia,INTERVENTIONAL,PHASE1/PHASE2,3,1,1,1,1
The Gambia,INTERVENTIONAL,PHASE2,11,1,1,1,1
The Gambia,INTERVENTIONAL,PHASE2/PHASE3,2,1,1,1,1
The Gambia,INTERVENTIONAL,PHASE3,26,1.08,1,1,2
The Gambia,INTERVENTIONAL,PHASE4,6,1,1,1,1
The Gambia,OBSERVATIONAL,NA,22,1.09,1,1,2
Timor-Leste,INTERVENTIONAL,NA,1,1,1,1,1
Timor-Leste,INTERVENTIONAL,PHASE4,1,1,1,1,1
Togo,INTERVENTIONAL,NA,4,4.75,1.5,11.1,15
Togo,INTERVENTIONAL,PHASE2/PHASE3,2,1,1,1,1
Togo,INTERVENTIONAL,PHASE3,1,3,3,3,3
Togo,OBSERVATIONAL,NA,12,1.42,1,1.9,5
Trinidad and Tobago,INTERVENTIONAL,NA,4,1,1,1,1
Trinidad and Tobago,INTERVENTIONAL,PHASE1,2,1,1,1,1
Trinidad and Tobago,INTERVENTIONAL,PHASE1/PHASE2,4,1,1,1,1
Trinidad and Tobago,INTERVENTIONAL,PHASE2,3,1,1,1,1
Trinidad and Tobago,INTERVENTIONAL,PHASE2/PHASE3,2,1,1,1,1
Trinidad and Tobago,INTERVENTIONAL,PHASE3,2,1,1,1,1
Trinidad and Tobago,INTERVENTIONAL,PHASE4,1,1,1,1,1
Trinidad and Tobago,OBSERVATIONAL,NA,11,1.09,1,1,2
Tunisia,INTERVENTIONAL,EARLY_PHASE1,3,2,2,2,2
Tunisia,INTERVENTIONAL,NA,185,1.16,1,1,8
Tunisia,INTERVENTIONAL,PHASE1,14,1.07,1,1,2
Tunisia,INTERVENTIONAL,PHASE1/PHASE2,4,1,1,1,1
Tunisia,INTERVENTIONAL,PHASE2,39,1.97,1,4,5
Tunisia,INTERVENTIONAL,PHASE2/PHASE3,9,1.56,1,2.6,5
Tunisia,INTERVENTIONAL,PHASE3,137,2.57,2,5,10
Tunisia,INTERVENTIONAL,PHASE4,77,2.03,1,3,24
Tunisia,OBSERVATIONAL,NA,147,1.53,1,2,16
Turkey (Türkiye),EXPANDED_ACCESS,NA,18,2.22,2,4,6
Turkey (Türkiye),INTERVENTIONAL,EARLY_PHASE1,25,1.12,1,1.6,2
Turkey (Türkiye),INTERVENTIONAL,NA,12670,1.08,1,1,23
Turkey (Türkiye),INTERVENTIONAL,NA,1,1,1,1,1
Turkey (Türkiye),INTERVENTIONAL,PHASE1,87,1.95,1,3.4,10
Turkey (Türkiye),INTERVENTIONAL,PHASE1/PHASE2,86,2.93,2,7,12
Turkey (Türkiye),INTERVENTIONAL,PHASE2,550,3.76,3,7,21
Turkey (Türkiye),INTERVENTIONAL,PHASE2/PHASE3,106,4.65,3,9.5,30
Turkey (Türkiye),INTERVENTIONAL,PHASE3,1919,5.59,5,11,41
Turkey (Türkiye),INTERVENTIONAL,PHASE4,693,1.92,1,4,19
Turkey (Türkiye),OBSERVATIONAL,NA,6689,1.36,1,1,62
Turkmenistan,INTERVENTIONAL,NA,1,1,1,1,1
Uganda,INTERVENTIONAL,EARLY_PHASE1,3,1,1,1,1
Uganda,INTERVENTIONAL,NA,396,1.48,1,2,20
Uganda,INTERVENTIONAL,PHASE1,30,1.17,1,2,2
Uganda,INTERVENTIONAL,PHASE1/PHASE2,18,1.5,1,2.3,3
Uganda,INTERVENTIONAL,PHASE2,99,1.32,1,2,9
Uganda,INTERVENTIONAL,PHASE2/PHASE3,33,1.58,1,3,4
Uganda,INTERVENTIONAL,PHASE3,131,1.77,1,4,9
Uganda,INTERVENTIONAL,PHASE4,69,1.25,1,2,6
Uganda,OBSERVATIONAL,NA,159,1.64,1,2,32
Ukraine,EXPANDED_ACCESS,NA,2,2.5,2.5,3.7,4
Ukraine,INTERVENTIONAL,EARLY_PHASE1,1,4,4,4,4
Ukraine,INTERVENTIONAL,NA,120,2.19,1,5,25
Ukraine,INTERVENTIONAL,PHASE1,62,2.73,1.5,6,9
Ukraine,INTERVENTIONAL,PHASE1/PHASE2,53,3.68,3,7.8,17
Ukraine,INTERVENTIONAL,PHASE2,569,6.27,5,12,25
Ukraine,INTERVENTIONAL,PHASE2/PHASE3,69,6.49,5,14,17
Ukraine,INTERVENTIONAL,PHASE3,1546,8.15,7,15,67
Ukraine,INTERVENTIONAL,PHASE4,86,7.38,5,17,52
Ukraine,OBSERVATIONAL,NA,137,4.39,1,9,126
United Arab Emirates,EXPANDED_ACCESS,NA,1,2,2,2,2
United Arab Emirates,INTERVENTIONAL,EARLY_PHASE1,8,1,1,1,1
United Arab Emirates,INTERVENTIONAL,NA,153,1.07,1,1,2
United Arab Emirates,INTERVENTIONAL,PHASE1,7,1.43,1,2.4,3
United Arab Emirates,INTERVENTIONAL,PHASE1/PHASE2,12,1.17,1,1,3
United Arab Emirates,INTERVENTIONAL,PHASE2,19,1.16,1,2,2
United Arab Emirates,INTERVENTIONAL,PHASE2/PHASE3,9,1.89,1,4,4
United Arab Emirates,INTERVENTIONAL,PHASE3,65,1.89,1,4,6
United Arab Emirates,INTERVENTIONAL,PHASE4,36,1.97,1,4,14
United Arab Emirates,OBSERVATIONAL,NA,241,1.9,1,4,33
United Kingdom,EXPANDED_ACCESS,NA,28,6.25,3,16.5,27
United Kingdom,INTERVENTIONAL,EARLY_PHASE1,104,1.25,1,2,8
United Kingdom,INTERVENTIONAL,NA,7113,1.9,1,3,94
United Kingdom,INTERVENTIONAL,NA,1,1,1,1,1
United Kingdom,INTERVENTIONAL,PHASE1,2827,1.64,1,3,20
United Kingdom,INTERVENTIONAL,PHASE1/PHASE2,1000,3.03,2,6,31
United Kingdom,INTERVENTIONAL,PHASE2,3936,3.96,3,8,68
United Kingdom,INTERVENTIONAL,PHASE2/PHASE3,470,5.64,2,12,110
United Kingdom,INTERVENTIONAL,PHASE3,5325,7.04,5,14,180
United Kingdom,INTERVENTIONAL,PHASE4,1196,4.43,1,9,135
United Kingdom,OBSERVATIONAL,NA,6022,2.44,1,4,135
United States,EXPANDED_ACCESS,NA,469,11.71,1,33,202
United States,INTERVENTIONAL,EARLY_PHASE1,3061,1.36,1,2,234
United States,INTERVENTIONAL,NA,64190,2.38,1,3,1658
United States,INTERVENTIONAL,NA,86,1.01,1,1,2
United States,INTERVENTIONAL,PHASE1,23584,2.96,1,7,242
United States,INTERVENTIONAL,PHASE1/PHASE2,7977,5.76,1,13,482
United States,INTERVENTIONAL,PHASE2,31049,11.64,2,25.2,1409
United States,INTERVENTIONAL,PHASE2/PHASE3,2308,19.47,1,35,1201
United States,INTERVENTIONAL,PHASE3,16070,36.22,15,77,1613
United States,INTERVENTIONAL,PHASE4,10397,5.92,1,13,871
United States,OBSERVATIONAL,NA,30716,4.27,1,6,2182
United States Minor Outlying Islands,INTERVENTIONAL,EARLY_PHASE1,1,1,1,1,1
United States Minor Outlying Islands,INTERVENTIONAL,PHASE2,1,1,1,1,1
Uruguay,INTERVENTIONAL,NA,21,1.71,1,2,12
Uruguay,INTERVENTIONAL,PHASE1,5,1,1,1,1
Uruguay,INTERVENTIONAL,PHASE2,3,1,1,1,1
Uruguay,INTERVENTIONAL,PHASE2/PHASE3,2,1,1,1,1
Uruguay,INTERVENTIONAL,PHASE3,21,1.62,1,3,4
Uruguay,INTERVENTIONAL,PHASE4,7,1.14,1,1.4,2
Uruguay,OBSERVATIONAL,NA,41,1.71,1,2,22
Uzbekistan,EXPANDED_ACCESS,NA,1,1,1,1,1
Uzbekistan,INTERVENTIONAL,EARLY_PHASE1,1,1,1,1,1
Uzbekistan,INTERVENTIONAL,NA,32,1.06,1,1,2
Uzbekistan,INTERVENTIONAL,PHASE1,1,1,1,1,1
Uzbekistan,INTERVENTIONAL,PHASE2,3,1,1,1,1
Uzbekistan,INTERVENTIONAL,PHASE2/PHASE3,3,1.67,2,2,2
Uzbekistan,INTERVENTIONAL,PHASE3,8,1.38,1,1.9,4
Uzbekistan,INTERVENTIONAL,PHASE4,9,1.22,1,1.4,3
Uzbekistan,OBSERVATIONAL,NA,21,1.95,1,2,17
Vanuatu,INTERVENTIONAL,NA,2,3,3,3.8,4
Venezuela,EXPANDED_ACCESS,NA,3,1.33,1,1.8,2
Venezuela,INTERVENTIONAL,NA,28,1.11,1,1.3,2
Venezuela,INTERVENTIONAL,PHASE1/PHASE2,4,1.25,1,1.7,2
Venezuela,INTERVENTIONAL,PHASE2,5,2.4,1,5,7
Venezuela,INTERVENTIONAL,PHASE2/PHASE3,6,1.33,1,2,3
Venezuela,INTERVENTIONAL,PHASE3,61,2.13,1,3,12
Venezuela,INTERVENTIONAL,PHASE4,39,2.1,1,4.2,7
Venezuela,OBSERVATIONAL,NA,51,2.24,1,5,10
Vietnam,EXPANDED_ACCESS,NA,1,1,1,1,1
Vietnam,INTERVENTIONAL,EARLY_PHASE1,3,1,1,1,1
Vietnam,INTERVENTIONAL,NA,403,1.28,1,2,18
Vietnam,INTERVENTIONAL,PHASE1,30,1.1,1,1.1,2
Vietnam,INTERVENTIONAL,PHASE1/PHASE2,27,1.26,1,2,3
Vietnam,INTERVENTIONAL,PHASE2,88,2.02,1.5,4,7
Vietnam,INTERVENTIONAL,PHASE2/PHASE3,21,1.38,1,2,4
Vietnam,INTERVENTIONAL,PHASE3,279,3.19,3,6,15
Vietnam,INTERVENTIONAL,PHASE4,72,1.32,1,2,6
Vietnam,OBSERVATIONAL,NA,228,1.69,1,3,19
Virgin Islands,INTERVENTIONAL,NA,1,1,1,1,1
Virgin Islands,INTERVENTIONAL,PHASE3,1,1,1,1,1
Virgin Islands,INTERVENTIONAL,PHASE4,3,1,1,1,1
Virgin Islands,OBSERVATIONAL,NA,2,1,1,1,1
Yemen,INTERVENTIONAL,NA,17,1.06,1,1,2
Yemen,INTERVENTIONAL,PHASE3,2,1,1,1,1
Yemen,OBSERVATIONAL,NA,3,1,1,1,1
Zambia,INTERVENTIONAL,EARLY_PHASE1,1,1,1,1,1
Zambia,INTERVENTIONAL,NA,146,1.54,1,2,29
Zambia,INTERVENTIONAL,PHASE1,7,1.14,1,1.4,2
Zambia,INTERVENTIONAL,PHASE1/PHASE2,3,1.33,1,1.8,2
Zambia,INTERVENTIONAL,PHASE2,19,1.26,1,2,3
Zambia,INTERVENTIONAL,PHASE2/PHASE3,8,1.5,1,2.6,4
Zambia,INTERVENTIONAL,PHASE3,39,1.46,1,2.2,4
Zambia,INTERVENTIONAL,PHASE4,22,1.05,1,1,2
Zambia,OBSERVATIONAL,NA,84,1.57,1,3,15
Zimbabwe,INTERVENTIONAL,EARLY_PHASE1,2,1,1,1,1
Zimbabwe,INTERVENTIONAL,NA,62,2.69,1,3,32
Zimbabwe,INTERVENTIONAL,PHASE1,6,1.33,1,2,3
Zimbabwe,INTERVENTIONAL,PHASE1/PHASE2,9,1.44,1,3,3
Zimbabwe,INTERVENTIONAL,PHASE2,30,1.33,1,2.1,3
Zimbabwe,INTERVENTIONAL,PHASE2/PHASE3,5,1,1,1,1
Zimbabwe,INTERVENTIONAL,PHASE3,39,1.54,1,3,5
Zimbabwe,INTERVENTIONAL,PHASE4,12,1.17,1,1,3
Zimbabwe,OBSERVATIONAL,NA,47,1.72,1,3,10